,peptide,torchMHC_prediction,MHCFlurry_prediction
0,RDAVILLM,24189.1953125,24189.18919926124
1,VYEAADMI,1370.886962890625,1370.887404324539
2,RLLSPTTIV,6673.0283203125,6673.024175261536
3,LAYTIGTTHF,334.4082946777344,334.4081737860946
4,FPVTPQVPV,33290.35546875,33290.38052655696
5,KSLFNTVATL,3478.29931640625,3478.2980008109066
6,GLVILLVLAL,14580.9619140625,14580.960449312814
7,SLFGGMSWI,10675.12890625,10675.126013277926
8,RDWAHNSL,24983.927734375,24983.935180058175
9,TSAVLLLLVV,21416.259765625,21416.239150302197
10,MLVQSCTSI,5282.88427734375,5282.881445245494
11,LLDAHIPQL,8259.4287109375,8259.424465662605
12,SLYNTVAAL,16634.982421875,16634.965865239195
13,AMKADIQHV,13905.556640625,13905.562640690046
14,RPPIFIRRLH,36246.890625,36246.90699274461
15,GHQAAMQML,4905.052734375,4905.051444146387
16,GLIMVLSFL,5817.8271484375,5817.821655913355
17,SNVSAALAAL,20008.578125,20008.57582237621
18,LFNWAVKTKL,3268.11474609375,3268.114339905071
19,SMNATLVQA,27974.642578125,27974.666390175847
20,SLFNAVAVL,9412.2373046875,9412.23464664389
21,LWEWASVRF,60.44715118408203,60.4471815791568
22,LFLNTLSFV,449.3441467285156,449.3442923218233
23,TPGPGIRYPL,13625.1337890625,13625.133276976729
24,FISGIQYLA,18462.65625,18462.660206516066
25,NMIIMDEAHF,978.8648071289062,978.8643028801844
26,CQTYKWETF,5145.8369140625,5145.836938095236
27,QMWKCLIRL,497.18536376953125,497.18527456901677
28,CPRRPAVAF,21257.826171875,21257.81173267382
29,SLNFLGGTTV,26386.927734375,26386.958570924788
30,SPKRLATAI,33579.17578125,33579.18788700954
31,FAFSDLCIVY,16562.1328125,16562.138411089825
32,AVCTRGVAK,37775.11328125,37775.13702972406
33,KAKKTPMGF,2914.60595703125,2914.6061823107093
34,GLMNNAFEWI,6697.97021484375,6697.9675652548185
35,AIRGSVTPAV,22815.43359375,22815.43726715762
36,VTEHDTLLY,25817.080078125,25817.105728520273
37,IPITAAAWYL,6178.92724609375,6178.924312084324
38,QRLHGLSAF,3884.207275390625,3884.2069548081354
39,IENSSVNVSL,23011.94921875,23011.94011486922
40,RDWAHNGL,27491.888671875,27491.901500147324
41,FYGMWPLLL,10.366138458251953,10.366138472453406
42,VLSDFKSWL,18372.884765625,18372.88402781521
43,NEGCGWMGW,6327.62841796875,6327.625908616456
44,PTIAGAGDV,30454.5546875,30454.536881649543
45,FVRSSNLKF,1211.60693359375,1211.6068910082563
46,LWLTDNTHI,257.54150390625,257.54156261575105
47,LLDEQGVGPL,27994.36328125,27994.38025647253
48,SLFNTVAVL,8677.634765625,8677.636611132002
49,VLFGLLCLL,2358.880859375,2358.8812492311026
