,peptide,torchMHC_prediction,MHCFlurry_prediction
0,RDAVILLM,25473.193359375,25473.191498277312
1,VYEAADMI,38999.62109375,38999.604302714964
2,RLLSPTTIV,20967.669921875,20967.681288070296
3,LAYTIGTTHF,91.53236389160156,91.53241975421315
4,FPVTPQVPV,64.52693939208984,64.52693361395916
5,KSLFNTVATL,18294.51953125,18294.526377940954
6,GLVILLVLAL,16291.232421875,16291.23658200865
7,SLFGGMSWI,23653.44921875,23653.422231568264
8,RDWAHNSL,38672.5859375,38672.57783605396
9,TSAVLLLLVV,15049.2353515625,15049.258941730457
10,MLVQSCTSI,11864.552734375,11864.560802277107
11,LLDAHIPQL,19049.705078125,19049.713867412665
12,SLYNTVAAL,22495.197265625,22495.187263546504
13,AMKADIQHV,24492.09765625,24492.108989614466
14,RPPIFIRRLH,28786.314453125,28786.325791581123
15,GHQAAMQML,35504.61328125,35504.63938464326
16,GLIMVLSFL,17096.12109375,17096.131244836673
17,SNVSAALAAL,33717.8046875,33717.83346158787
18,LFNWAVKTKL,20863.03125,20863.019241227616
19,SMNATLVQA,36924.66015625,36924.64090245361
20,SLFNAVAVL,21194.0625,21194.0560496823
21,LWEWASVRF,9504.658203125,9504.646537347902
22,LFLNTLSFV,21559.0703125,21559.070734668487
23,TPGPGIRYPL,7387.80615234375,7387.806999481712
24,FISGIQYLA,8330.9345703125,8330.937765187007
25,NMIIMDEAHF,11069.5732421875,11069.5630424837
26,CQTYKWETF,6710.22021484375,6710.224150265278
27,QMWKCLIRL,21089.017578125,21089.023150539528
28,CPRRPAVAF,2402.08154296875,2402.0836795042396
29,SLNFLGGTTV,14848.2255859375,14848.215633729465
30,SPKRLATAI,6797.3779296875,6797.376190911446
31,FAFSDLCIVY,52.039756774902344,52.03975182003378
32,AVCTRGVAK,41034.07421875,41034.139388246935
33,KAKKTPMGF,14615.515625,14615.50337988998
34,GLMNNAFEWI,24594.6875,24594.68182332864
35,AIRGSVTPAV,33661.76953125,33661.82063836796
36,VTEHDTLLY,2976.18017578125,2976.182719116736
37,IPITAAAWYL,87.08524322509766,87.08526222859358
38,QRLHGLSAF,23392.91015625,23392.89874462175
39,IENSSVNVSL,18370.81640625,18370.798750493144
40,RDWAHNGL,40492.94140625,40492.88735080482
41,FYGMWPLLL,8969.0908203125,8969.089162103164
42,VLSDFKSWL,18062.95703125,18062.966638759
43,NEGCGWMGW,3051.116943359375,3051.117879716272
44,PTIAGAGDV,38462.60546875,38462.58038463496
45,FVRSSNLKF,702.7249145507812,702.7253033721581
46,LWLTDNTHI,10223.017578125,10223.019353104133
47,LLDEQGVGPL,32242.802734375,32242.8254370173
48,SLFNTVAVL,15150.9892578125,15150.989951332433
49,VLFGLLCLL,15457.951171875,15457.937920236918
