,peptide,torchMHC_prediction,MHCFlurry_prediction
0,RDAVILLM,33324.40625,33324.42350198842
1,VYEAADMI,36090.328125,36090.33646991604
2,RLLSPTTIV,31658.42578125,31658.416314703714
3,LAYTIGTTHF,13440.658203125,13440.658436291147
4,FPVTPQVPV,25430.861328125,25430.830414749384
5,KSLFNTVATL,29452.498046875,29452.543371953478
6,GLVILLVLAL,20723.48828125,20723.513626137068
7,SLFGGMSWI,4034.4169921875,4034.4188047837483
8,RDWAHNSL,36762.0859375,36762.064682552256
9,TSAVLLLLVV,22864.09375,22864.114303469905
10,MLVQSCTSI,17473.724609375,17473.703973755786
11,LLDAHIPQL,17725.33203125,17725.33997938567
12,SLYNTVAAL,6043.677734375,6043.683423473395
13,AMKADIQHV,20975.669921875,20975.660562065932
14,RPPIFIRRLH,31858.8671875,31858.835774538777
15,GHQAAMQML,22443.533203125,22443.536959495195
16,GLIMVLSFL,10856.130859375,10856.14015301403
17,SNVSAALAAL,12809.1171875,12809.122206292403
18,LFNWAVKTKL,28468.994140625,28468.995456875775
19,SMNATLVQA,27645.298828125,27645.28172267838
20,SLFNAVAVL,9846.703125,9846.702489687686
21,LWEWASVRF,25597.5859375,25597.585883427848
22,LFLNTLSFV,15016.919921875,15016.937553928237
23,TPGPGIRYPL,28378.265625,28378.272593591613
24,FISGIQYLA,13820.455078125,13820.453709924373
25,NMIIMDEAHF,19961.8828125,19961.90016312542
26,CQTYKWETF,25756.5078125,25756.538343270924
27,QMWKCLIRL,29444.74609375,29444.73537479966
28,CPRRPAVAF,24811.521484375,24811.531408740873
29,SLNFLGGTTV,24687.48828125,24687.46874909453
30,SPKRLATAI,28622.859375,28622.871649493383
31,FAFSDLCIVY,4478.68359375,4478.684051319039
32,AVCTRGVAK,28900.91015625,28900.903517862986
33,KAKKTPMGF,29025.62109375,29025.633963987428
34,GLMNNAFEWI,14313.607421875,14313.611409902056
35,AIRGSVTPAV,20653.78125,20653.76918059428
36,VTEHDTLLY,9988.4775390625,9988.48208436118
37,IPITAAAWYL,21199.884765625,21199.884752944934
38,QRLHGLSAF,8354.7724609375,8354.76956149416
39,IENSSVNVSL,30580.3984375,30580.387372009485
40,RDWAHNGL,36206.77734375,36206.765665028324
41,FYGMWPLLL,29293.86328125,29293.86512162353
42,VLSDFKSWL,25138.537109375,25138.54137324976
43,NEGCGWMGW,23369.67578125,23369.66599647169
44,PTIAGAGDV,16993.875,16993.877037385457
45,FVRSSNLKF,1034.38037109375,1034.3803064643027
46,LWLTDNTHI,31908.369140625,31908.38302313038
47,LLDEQGVGPL,25246.533203125,25246.533208782206
48,SLFNTVAVL,10777.2685546875,10777.270627790007
49,VLFGLLCLL,22149.86328125,22149.857196893034
