,peptide,torchMHC_prediction,MHCFlurry_prediction
0,RDAVILLM,14702.2041015625,14702.213604801353
1,VYEAADMI,27376.45703125,27376.44342672655
2,RLLSPTTIV,19138.09375,19138.090511175644
3,LAYTIGTTHF,359.04290771484375,359.04295968443955
4,FPVTPQVPV,28437.326171875,28437.303876587783
5,KSLFNTVATL,335.6471862792969,335.64708738166706
6,GLVILLVLAL,20720.287109375,20720.27573877837
7,SLFGGMSWI,18867.90625,18867.919541976808
8,RDWAHNSL,14864.150390625,14864.142954218274
9,TSAVLLLLVV,3269.93212890625,3269.929452926367
10,MLVQSCTSI,23748.087890625,23748.087931784947
11,LLDAHIPQL,19270.25,19270.247696171307
12,SLYNTVAAL,22435.294921875,22435.30247038144
13,AMKADIQHV,21625.189453125,21625.1781727711
14,RPPIFIRRLH,25258.71875,25258.705224942776
15,GHQAAMQML,20839.189453125,20839.188848071346
16,GLIMVLSFL,21815.96875,21815.98558921656
17,SNVSAALAAL,20719.41796875,20719.43006459311
18,LFNWAVKTKL,23208.0546875,23208.03560910614
19,SMNATLVQA,18920.50390625,18920.49599895636
20,SLFNAVAVL,19193.732421875,19193.734090645554
21,LWEWASVRF,21663.251953125,21663.25517083575
22,LFLNTLSFV,26848.818359375,26848.796442650633
23,TPGPGIRYPL,20483.341796875,20483.335458557747
24,FISGIQYLA,12214.201171875,12214.197098138611
25,NMIIMDEAHF,11397.0869140625,11397.081121882884
26,CQTYKWETF,15228.30078125,15228.289246918352
27,QMWKCLIRL,14501.279296875,14501.25727327818
28,CPRRPAVAF,22927.69921875,22927.69601811968
29,SLNFLGGTTV,21578.671875,21578.673497485604
30,SPKRLATAI,25987.203125,25987.182565248757
31,FAFSDLCIVY,2148.768798828125,2148.7689552234265
32,AVCTRGVAK,25378.287109375,25378.267667443306
33,KAKKTPMGF,500.36376953125,500.3634720147835
34,GLMNNAFEWI,20183.84375,20183.822733864014
35,AIRGSVTPAV,21380.28125,21380.290577413358
36,VTEHDTLLY,3473.893798828125,3473.8931039267322
37,IPITAAAWYL,10142.677734375,10142.676702872113
38,QRLHGLSAF,23544.455078125,23544.445101858895
39,IENSSVNVSL,20590.494140625,20590.46911080458
40,RDWAHNGL,18566.9921875,18566.99523958274
41,FYGMWPLLL,22929.427734375,22929.44299105677
42,VLSDFKSWL,12924.2021484375,12924.19054072052
43,NEGCGWMGW,7400.5625,7400.564549877829
44,PTIAGAGDV,20928.873046875,20928.862820827522
45,FVRSSNLKF,7050.072265625,7050.067966731035
46,LWLTDNTHI,27125.48828125,27125.483421938185
47,LLDEQGVGPL,24369.986328125,24369.99066513942
48,SLFNTVAVL,18877.03125,18877.03952479389
49,VLFGLLCLL,7671.3701171875,7671.373874204466
