,peptide,torchMHC_prediction,MHCFlurry_prediction
0,RDAVILLM,23357.48828125,23357.488667893314
1,VYEAADMI,24897.5390625,24897.536149118027
2,RLLSPTTIV,5262.54931640625,5262.546899489627
3,LAYTIGTTHF,7863.8662109375,7863.863420501175
4,FPVTPQVPV,87.3125228881836,87.31251970623609
5,KSLFNTVATL,9524.90234375,9524.906997848273
6,GLVILLVLAL,10548.6171875,10548.616496885124
7,SLFGGMSWI,107.38082122802734,107.3808057786753
8,RDWAHNSL,23861.32421875,23861.33272774913
9,TSAVLLLLVV,127.6601791381836,127.66023153899889
10,MLVQSCTSI,186.33750915527344,186.33739213502582
11,LLDAHIPQL,17202.525390625,17202.523079107083
12,SLYNTVAAL,2382.314697265625,2382.314572895213
13,AMKADIQHV,6317.76953125,6317.771995211734
14,RPPIFIRRLH,28805.126953125,28805.130761760982
15,GHQAAMQML,26561.921875,26561.9217438974
16,GLIMVLSFL,6265.1318359375,6265.130401854621
17,SNVSAALAAL,1116.9210205078125,1116.9206339013797
18,LFNWAVKTKL,16204.892578125,16204.90187017025
19,SMNATLVQA,1668.890380859375,1668.8907697498187
20,SLFNAVAVL,2128.2685546875,2128.269635717823
21,LWEWASVRF,26166.45703125,26166.435337167375
22,LFLNTLSFV,6832.37548828125,6832.375773158678
23,TPGPGIRYPL,3854.876953125,3854.874130179886
24,FISGIQYLA,14.848089218139648,14.848090770683191
25,NMIIMDEAHF,14152.0302734375,14152.023680845583
26,CQTYKWETF,26690.126953125,26690.122081971233
27,QMWKCLIRL,3207.5546875,3207.556626633956
28,CPRRPAVAF,22717.599609375,22717.616734870695
29,SLNFLGGTTV,1525.5831298828125,1525.5834611032162
30,SPKRLATAI,12147.8583984375,12147.85738826432
31,FAFSDLCIVY,8321.921875,8321.929058688504
32,AVCTRGVAK,21373.513671875,21373.498980121272
33,KAKKTPMGF,26606.591796875,26606.57397815221
34,GLMNNAFEWI,5105.5625,5105.562058543396
35,AIRGSVTPAV,4829.5087890625,4829.506571101475
36,VTEHDTLLY,23259.060546875,23259.053688431024
37,IPITAAAWYL,5153.66015625,5153.660196610585
38,QRLHGLSAF,24427.435546875,24427.4375444743
39,IENSSVNVSL,15127.4990234375,15127.519746689097
40,RDWAHNGL,22743.634765625,22743.65947736003
41,FYGMWPLLL,16209.6376953125,16209.634028201244
42,VLSDFKSWL,2933.978515625,2933.9777613495557
43,NEGCGWMGW,32693.6640625,32693.660707165553
44,PTIAGAGDV,2901.2890625,2901.2911472901396
45,FVRSSNLKF,16302.6875,16302.690616450316
46,LWLTDNTHI,18601.6953125,18601.69181656906
47,LLDEQGVGPL,13943.869140625,13943.870537353536
48,SLFNTVAVL,2935.8525390625,2935.8530659499534
49,VLFGLLCLL,3200.694580078125,3200.6946678366544
