,peptide,torchMHC_prediction,MHCFlurry_prediction
0,RDAVILLM,24292.80859375,24292.809757390296
1,VYEAADMI,22134.66015625,22134.65105948634
2,RLLSPTTIV,935.003662109375,935.0030363240703
3,LAYTIGTTHF,21129.68359375,21129.67529234707
4,FPVTPQVPV,12224.666015625,12224.672298744415
5,KSLFNTVATL,6027.52099609375,6027.518391526718
6,GLVILLVLAL,5483.66796875,5483.668406686183
7,SLFGGMSWI,51.21076583862305,51.21076327144605
8,RDWAHNSL,22728.3046875,22728.296470132456
9,TSAVLLLLVV,15189.5888671875,15189.593354819752
10,MLVQSCTSI,1473.7803955078125,1473.7793146965312
11,LLDAHIPQL,23.157306671142578,23.157314171013404
12,SLYNTVAAL,206.23538208007812,206.2354995100554
13,AMKADIQHV,629.6089477539062,629.6087319283594
14,RPPIFIRRLH,26178.9375,26178.93436910716
15,GHQAAMQML,18824.806640625,18824.80284214929
16,GLIMVLSFL,533.4735107421875,533.4734162406186
17,SNVSAALAAL,13833.0087890625,13833.004675653392
18,LFNWAVKTKL,19481.509765625,19481.512725743996
19,SMNATLVQA,684.4789428710938,684.4791616710875
20,SLFNAVAVL,391.54779052734375,391.5478146190219
21,LWEWASVRF,24030.794921875,24030.783435189634
22,LFLNTLSFV,3338.28857421875,3338.2858795212446
23,TPGPGIRYPL,17222.3203125,17222.30779422608
24,FISGIQYLA,781.7837524414062,781.7835284846261
25,NMIIMDEAHF,17445.8515625,17445.843700890116
26,CQTYKWETF,22091.091796875,22091.108517968234
27,QMWKCLIRL,449.4800109863281,449.4801139012629
28,CPRRPAVAF,26257.072265625,26257.065634987965
29,SLNFLGGTTV,1032.354736328125,1032.3546782634219
30,SPKRLATAI,19357.041015625,19357.053006286944
31,FAFSDLCIVY,16592.48828125,16592.485949640493
32,AVCTRGVAK,24063.658203125,24063.6461731934
33,KAKKTPMGF,24098.498046875,24098.48939867953
34,GLMNNAFEWI,241.61192321777344,241.61193947327777
35,AIRGSVTPAV,2444.77001953125,2444.770893811101
36,VTEHDTLLY,22549.92578125,22549.926119220923
37,IPITAAAWYL,15677.1845703125,15677.180778727328
38,QRLHGLSAF,22684.23828125,22684.22957925828
39,IENSSVNVSL,13679.0478515625,13679.064360415523
40,RDWAHNGL,22680.58203125,22680.580899793975
41,FYGMWPLLL,6127.078125,6127.078322214601
42,VLSDFKSWL,250.04592895507812,250.04592062882335
43,NEGCGWMGW,24995.3203125,24995.336083431073
44,PTIAGAGDV,19673.76171875,19673.7667543443
45,FVRSSNLKF,18091.126953125,18091.14174006371
46,LWLTDNTHI,16060.119140625,16060.118155206603
47,LLDEQGVGPL,594.3329467773438,594.3331673789892
48,SLFNTVAVL,622.0951538085938,622.0954414131762
49,VLFGLLCLL,387.9146728515625,387.9147818785112
