,peptide,torchMHC_prediction,MHCFlurry_prediction
0,RDAVILLM,25605.177734375,25605.20593141922
1,VYEAADMI,27322.283203125,27322.27517091769
2,RLLSPTTIV,1088.537109375,1088.5365530718468
3,LAYTIGTTHF,14621.259765625,14621.26429906513
4,FPVTPQVPV,22312.13671875,22312.129736421957
5,KSLFNTVATL,328.2666015625,328.26640260627283
6,GLVILLVLAL,9610.0400390625,9610.035302225391
7,SLFGGMSWI,6259.923828125,6259.92636372192
8,RDWAHNSL,21350.818359375,21350.821431998313
9,TSAVLLLLVV,7194.3349609375,7194.3417284215275
10,MLVQSCTSI,5887.43310546875,5887.434927202486
11,LLDAHIPQL,12233.8564453125,12233.844537789468
12,SLYNTVAAL,7003.60546875,7003.605258638229
13,AMKADIQHV,315.9331970214844,315.93327774696496
14,RPPIFIRRLH,19107.109375,19107.099352071524
15,GHQAAMQML,13391.029296875,13391.00616674717
16,GLIMVLSFL,5688.70751953125,5688.712496734445
17,SNVSAALAAL,11106.466796875,11106.476901883392
18,LFNWAVKTKL,14333.6328125,14333.643076816845
19,SMNATLVQA,309.8279724121094,309.8279006369233
20,SLFNAVAVL,4444.50830078125,4444.512006301422
21,LWEWASVRF,18965.95703125,18965.956747893666
22,LFLNTLSFV,681.152099609375,681.1522797815585
23,TPGPGIRYPL,20098.17578125,20098.17752723989
24,FISGIQYLA,11211.8876953125,11211.899758318577
25,NMIIMDEAHF,28350.67578125,28350.714898826845
26,CQTYKWETF,18124.697265625,18124.692005771874
27,QMWKCLIRL,10052.8115234375,10052.825405794265
28,CPRRPAVAF,21722.046875,21722.02948440752
29,SLNFLGGTTV,11332.5234375,11332.51909472003
30,SPKRLATAI,13749.7529296875,13749.761931881229
31,FAFSDLCIVY,16087.9423828125,16087.950665384189
32,AVCTRGVAK,164.8772430419922,164.87740341879393
33,KAKKTPMGF,97.7264633178711,97.72644806448982
34,GLMNNAFEWI,11995.5390625,11995.537310818556
35,AIRGSVTPAV,33.493587493896484,33.49359185570708
36,VTEHDTLLY,8295.8359375,8295.830392761349
37,IPITAAAWYL,17048.025390625,17048.004202597305
38,QRLHGLSAF,17590.279296875,17590.276080088264
39,IENSSVNVSL,12111.466796875,12111.462800986148
40,RDWAHNGL,24499.712890625,24499.733974104503
41,FYGMWPLLL,9420.400390625,9420.399015970113
42,VLSDFKSWL,9640.2490234375,9640.23739303981
43,NEGCGWMGW,18256.123046875,18256.113503695375
44,PTIAGAGDV,5962.515625,5962.516673396146
45,FVRSSNLKF,3488.98388671875,3488.9851328215336
46,LWLTDNTHI,10906.1484375,10906.144364131696
47,LLDEQGVGPL,19075.35546875,19075.386284609496
48,SLFNTVAVL,4436.46240234375,4436.4611801789415
49,VLFGLLCLL,2806.925537109375,2806.928402042929
