,peptide,torchMHC_prediction,MHCFlurry_prediction
0,RDAVILLM,19121.892578125,19121.885145939865
1,VYEAADMI,26792.443359375,26792.452232033826
2,RLLSPTTIV,28811.52734375,28811.53727932923
3,LAYTIGTTHF,19788.677734375,19788.660915751872
4,FPVTPQVPV,16132.8203125,16132.81585231363
5,KSLFNTVATL,20938.416015625,20938.405350565594
6,GLVILLVLAL,21644.31640625,21644.309362545315
7,SLFGGMSWI,22621.71875,22621.714753704375
8,RDWAHNSL,12602.451171875,12602.440357160043
9,TSAVLLLLVV,23301.35546875,23301.37256204821
10,MLVQSCTSI,22991.17578125,22991.18491873384
11,LLDAHIPQL,26636.1953125,26636.177968418982
12,SLYNTVAAL,16980.443359375,16980.440956557373
13,AMKADIQHV,29936.171875,29936.175835094447
14,RPPIFIRRLH,30821.154296875,30821.134472738668
15,GHQAAMQML,24681.931640625,24681.937756642725
16,GLIMVLSFL,22514.01953125,22514.022101276416
17,SNVSAALAAL,22157.595703125,22157.58811246758
18,LFNWAVKTKL,15991.55859375,15991.578714381534
19,SMNATLVQA,24220.935546875,24220.926460223633
20,SLFNAVAVL,19258.162109375,19258.171602819217
21,LWEWASVRF,6778.51416015625,6778.514294175269
22,LFLNTLSFV,23590.890625,23590.897973011215
23,TPGPGIRYPL,21925.6796875,21925.685178546097
24,FISGIQYLA,26350.69140625,26350.704549065355
25,NMIIMDEAHF,15271.0,15270.984210220375
26,CQTYKWETF,11290.1943359375,11290.193300980349
27,QMWKCLIRL,21246.841796875,21246.860309874573
28,CPRRPAVAF,10354.271484375,10354.278779720766
29,SLNFLGGTTV,24117.05078125,24117.042001924387
30,SPKRLATAI,17662.138671875,17662.131716957665
31,FAFSDLCIVY,8018.95166015625,8018.948808662157
32,AVCTRGVAK,23612.994140625,23612.992149225844
33,KAKKTPMGF,18125.52734375,18125.530466671822
34,GLMNNAFEWI,26233.744140625,26233.73815080676
35,AIRGSVTPAV,25442.6015625,25442.639955826566
36,VTEHDTLLY,16882.818359375,16882.80390625464
37,IPITAAAWYL,11245.9091796875,11245.91460404796
38,QRLHGLSAF,6122.66259765625,6122.661568243866
39,IENSSVNVSL,3943.335693359375,3943.3383862860587
40,RDWAHNGL,16497.029296875,16497.028585877175
41,FYGMWPLLL,18294.97265625,18294.982502838982
42,VLSDFKSWL,23546.341796875,23546.344636806036
43,NEGCGWMGW,494.6393127441406,494.63909047267094
44,PTIAGAGDV,26167.154296875,26167.14854877481
45,FVRSSNLKF,12169.1474609375,12169.134245255467
46,LWLTDNTHI,27057.822265625,27057.848645695078
47,LLDEQGVGPL,27590.4375,27590.43751708072
48,SLFNTVAVL,19105.6875,19105.676800373825
49,VLFGLLCLL,23483.86328125,23483.84456929968
