,peptide,torchMHC_prediction,MHCFlurry_prediction
0,RDAVILLM,35798.1328125,35798.141777068166
1,VYEAADMI,37635.98828125,37635.99200230473
2,RLLSPTTIV,26473.76171875,26473.76029494876
3,LAYTIGTTHF,3283.10595703125,3283.1046000614297
4,FPVTPQVPV,18550.548828125,18550.573290582153
5,KSLFNTVATL,20368.0625,20368.056500188326
6,GLVILLVLAL,25328.04296875,25328.062088214254
7,SLFGGMSWI,9372.7177734375,9372.711733780163
8,RDWAHNSL,36986.16015625,36986.15413953399
9,TSAVLLLLVV,21494.361328125,21494.338724112164
10,MLVQSCTSI,15446.5595703125,15446.548293496851
11,LLDAHIPQL,26578.466796875,26578.475372509987
12,SLYNTVAAL,10068.431640625,10068.428433369683
13,AMKADIQHV,32793.18359375,32793.186919775224
14,RPPIFIRRLH,27851.205078125,27851.21138023399
15,GHQAAMQML,34776.94140625,34776.99186012473
16,GLIMVLSFL,14991.521484375,14991.528218108342
17,SNVSAALAAL,13048.294921875,13048.29810966516
18,LFNWAVKTKL,24690.689453125,24690.704006351145
19,SMNATLVQA,21195.982421875,21196.001460308937
20,SLFNAVAVL,8046.2841796875,8046.283379060456
21,LWEWASVRF,25978.580078125,25978.558276735403
22,LFLNTLSFV,26970.794921875,26970.81295556018
23,TPGPGIRYPL,11648.4833984375,11648.48579690716
24,FISGIQYLA,8592.4853515625,8592.483780679991
25,NMIIMDEAHF,11646.6943359375,11646.676667665866
26,CQTYKWETF,22159.814453125,22159.784234593757
27,QMWKCLIRL,28114.1171875,28114.127977157827
28,CPRRPAVAF,23383.54296875,23383.52381554984
29,SLNFLGGTTV,25189.89453125,25189.877032181103
30,SPKRLATAI,31718.685546875,31718.672716915058
31,FAFSDLCIVY,756.2411499023438,756.2404075907797
32,AVCTRGVAK,1896.25927734375,1896.258255627774
33,KAKKTPMGF,22367.123046875,22367.128597465227
34,GLMNNAFEWI,25961.515625,25961.50872735377
35,AIRGSVTPAV,24344.712890625,24344.721580913927
36,VTEHDTLLY,12399.9345703125,12399.93700171413
37,IPITAAAWYL,20349.869140625,20349.88396737567
38,QRLHGLSAF,18440.853515625,18440.8583200609
39,IENSSVNVSL,26509.73828125,26509.74659058277
40,RDWAHNGL,36177.09765625,36177.080877613225
41,FYGMWPLLL,31296.0390625,31296.00465936536
42,VLSDFKSWL,16872.806640625,16872.78519801213
43,NEGCGWMGW,24896.3046875,24896.27915243537
44,PTIAGAGDV,28784.50390625,28784.517435262773
45,FVRSSNLKF,4998.1865234375,4998.1847253740125
46,LWLTDNTHI,32897.20703125,32897.204785377675
47,LLDEQGVGPL,28195.474609375,28195.48328390823
48,SLFNTVAVL,8631.654296875,8631.654978605979
49,VLFGLLCLL,14183.498046875,14183.512623290177
