,peptide,torchMHC_prediction,MHCFlurry_prediction
0,RDAVILLM,17153.41015625,17153.41143089365
1,VYEAADMI,30378.9609375,30378.976790730416
2,RLLSPTTIV,7381.439453125,7381.438169626446
3,LAYTIGTTHF,16655.79296875,16655.793049762866
4,FPVTPQVPV,24260.859375,24260.866399818264
5,KSLFNTVATL,16225.73828125,16225.743400091813
6,GLVILLVLAL,4407.43603515625,4407.439656190163
7,SLFGGMSWI,13933.2607421875,13933.23924158066
8,RDWAHNSL,18172.259765625,18172.247020331528
9,TSAVLLLLVV,17608.03515625,17608.046631484365
10,MLVQSCTSI,22032.263671875,22032.256014620867
11,LLDAHIPQL,22278.966796875,22278.976782143076
12,SLYNTVAAL,17559.94140625,17559.936746750067
13,AMKADIQHV,17744.5625,17744.55463292832
14,RPPIFIRRLH,21436.345703125,21436.342030231706
15,GHQAAMQML,13336.5078125,13336.515099034128
16,GLIMVLSFL,10607.470703125,10607.471121703527
17,SNVSAALAAL,21043.29296875,21043.30538853377
18,LFNWAVKTKL,21284.0546875,21284.061151528324
19,SMNATLVQA,21699.955078125,21699.933198436986
20,SLFNAVAVL,13173.6552734375,13173.651292695646
21,LWEWASVRF,19681.341796875,19681.339848501128
22,LFLNTLSFV,21995.126953125,21995.134858991863
23,TPGPGIRYPL,20519.47265625,20519.46191594463
24,FISGIQYLA,26004.556640625,26004.54470547647
25,NMIIMDEAHF,10391.38671875,10391.385807993156
26,CQTYKWETF,8921.693359375,8921.684010425339
27,QMWKCLIRL,2928.77734375,2928.77686820481
28,CPRRPAVAF,19137.0703125,19137.07358825456
29,SLNFLGGTTV,21008.8828125,21008.88216725546
30,SPKRLATAI,20846.623046875,20846.606648529312
31,FAFSDLCIVY,18090.333984375,18090.333899744903
32,AVCTRGVAK,22852.845703125,22852.845068350925
33,KAKKTPMGF,9734.556640625,9734.55202803346
34,GLMNNAFEWI,15011.12109375,15011.131383948816
35,AIRGSVTPAV,21661.84765625,21661.845800148538
36,VTEHDTLLY,24872.169921875,24872.17580954959
37,IPITAAAWYL,22310.029296875,22310.040632371238
38,QRLHGLSAF,931.2491455078125,931.2487345946691
39,IENSSVNVSL,13068.4326171875,13068.433285655536
40,RDWAHNGL,17591.134765625,17591.12013005503
41,FYGMWPLLL,17701.2109375,17701.21877985042
42,VLSDFKSWL,19847.853515625,19847.850919674995
43,NEGCGWMGW,22894.05078125,22894.045357086532
44,PTIAGAGDV,26554.8046875,26554.7950044351
45,FVRSSNLKF,20403.26953125,20403.24830642876
46,LWLTDNTHI,16289.6171875,16289.621185245574
47,LLDEQGVGPL,21021.990234375,21021.9975988273
48,SLFNTVAVL,12856.9326171875,12856.938827982238
49,VLFGLLCLL,11215.203125,11215.211237852025
