,peptide,torchMHC_prediction,MHCFlurry_prediction
0,RDAVILLM,22042.919921875,22042.917414263862
1,VYEAADMI,27827.443359375,27827.455473611746
2,RLLSPTTIV,2775.19775390625,2775.1988270106895
3,LAYTIGTTHF,5152.39208984375,5152.39690010091
4,FPVTPQVPV,25021.125,25021.116991338182
5,KSLFNTVATL,7447.013671875,7447.011540842607
6,GLVILLVLAL,10338.119140625,10338.117987126045
7,SLFGGMSWI,5539.689453125,5539.687889489125
8,RDWAHNSL,25799.97265625,25799.953700740345
9,TSAVLLLLVV,12303.2265625,12303.22837601869
10,MLVQSCTSI,15522.951171875,15522.954232101263
11,LLDAHIPQL,12991.1787109375,12991.179769512872
12,SLYNTVAAL,4420.70458984375,4420.70354898709
13,AMKADIQHV,15576.5,15576.498751806455
14,RPPIFIRRLH,15346.9033203125,15346.918285440473
15,GHQAAMQML,25614.630859375,25614.60231066163
16,GLIMVLSFL,10207.2646484375,10207.26094314182
17,SNVSAALAAL,22382.935546875,22382.944854515536
18,LFNWAVKTKL,18213.06640625,18213.061994440268
19,SMNATLVQA,8010.6357421875,8010.641475632897
20,SLFNAVAVL,6975.01025390625,6975.0064094538475
21,LWEWASVRF,23629.16796875,23629.199066999565
22,LFLNTLSFV,15507.267578125,15507.273054321842
23,TPGPGIRYPL,26292.27734375,26292.257196355084
24,FISGIQYLA,12338.970703125,12338.966048228871
25,NMIIMDEAHF,20829.552734375,20829.542172734484
26,CQTYKWETF,23326.03515625,23326.038594336744
27,QMWKCLIRL,9122.02734375,9122.022522653055
28,CPRRPAVAF,23849.3359375,23849.328116281642
29,SLNFLGGTTV,10170.748046875,10170.75424274175
30,SPKRLATAI,27315.353515625,27315.379416750577
31,FAFSDLCIVY,5710.93408203125,5710.931820084216
32,AVCTRGVAK,81.81541442871094,81.81545749919373
33,KAKKTPMGF,12023.49609375,12023.497142020293
34,GLMNNAFEWI,11294.96484375,11294.979065620404
35,AIRGSVTPAV,8438.0966796875,8438.096061576527
36,VTEHDTLLY,4929.57421875,4929.576172862897
37,IPITAAAWYL,21957.904296875,21957.908639505466
38,QRLHGLSAF,24632.83203125,24632.83062247517
39,IENSSVNVSL,23282.962890625,23282.970779216103
40,RDWAHNGL,25724.546875,25724.562609092856
41,FYGMWPLLL,20386.38671875,20386.382203820132
42,VLSDFKSWL,9290.62109375,9290.623579292269
43,NEGCGWMGW,23945.556640625,23945.560670631203
44,PTIAGAGDV,23920.3359375,23920.34816809428
45,FVRSSNLKF,11749.0947265625,11749.100196987203
46,LWLTDNTHI,24946.40625,24946.38253341687
47,LLDEQGVGPL,16678.443359375,16678.45441106852
48,SLFNTVAVL,6711.23779296875,6711.23320611984
49,VLFGLLCLL,2479.665283203125,2479.6650542558887
