,peptide,torchMHC_prediction,MHCFlurry_prediction
0,RDAVILLM,31872.6640625,31872.66636854895
1,VYEAADMI,35593.640625,35593.6981296586
2,RLLSPTTIV,31104.26953125,31104.275076488582
3,LAYTIGTTHF,22056.103515625,22056.14195904296
4,FPVTPQVPV,24485.931640625,24485.92126823005
5,KSLFNTVATL,30586.611328125,30586.627747222363
6,GLVILLVLAL,26820.744140625,26820.757225800488
7,SLFGGMSWI,11881.25390625,11881.245247341873
8,RDWAHNSL,35670.8125,35670.805097174474
9,TSAVLLLLVV,27637.337890625,27637.311861947648
10,MLVQSCTSI,21725.984375,21725.97672150067
11,LLDAHIPQL,21198.2265625,21198.226500655175
12,SLYNTVAAL,13269.9013671875,13269.899634587015
13,AMKADIQHV,22190.48046875,22190.49014936558
14,RPPIFIRRLH,33068.76171875,33068.760835051806
15,GHQAAMQML,21650.880859375,21650.875697662967
16,GLIMVLSFL,19061.990234375,19062.019105256513
17,SNVSAALAAL,15993.6328125,15993.637577608664
18,LFNWAVKTKL,30287.375,30287.38127868197
19,SMNATLVQA,24316.591796875,24316.60656626096
20,SLFNAVAVL,18642.220703125,18642.21342637976
21,LWEWASVRF,24867.830078125,24867.82300586527
22,LFLNTLSFV,24363.828125,24363.811988741345
23,TPGPGIRYPL,27956.400390625,27956.379647818452
24,FISGIQYLA,17764.8984375,17764.877084314674
25,NMIIMDEAHF,27076.94921875,27076.925131179636
26,CQTYKWETF,29005.919921875,29005.946685652707
27,QMWKCLIRL,28902.7578125,28902.72999845243
28,CPRRPAVAF,27037.41796875,27037.409377481228
29,SLNFLGGTTV,28993.28125,28993.312269248017
30,SPKRLATAI,28687.763671875,28687.749079325957
31,FAFSDLCIVY,16267.7431640625,16267.75935199413
32,AVCTRGVAK,28220.546875,28220.53094648267
33,KAKKTPMGF,28212.015625,28212.007498771465
34,GLMNNAFEWI,26617.658203125,26617.678989990614
35,AIRGSVTPAV,25521.58203125,25521.58228179964
36,VTEHDTLLY,14639.677734375,14639.685258469286
37,IPITAAAWYL,25278.6953125,25278.689073422884
38,QRLHGLSAF,16720.7734375,16720.776620585315
39,IENSSVNVSL,31419.84765625,31419.84645752309
40,RDWAHNGL,35155.3515625,35155.346259169455
41,FYGMWPLLL,30131.828125,30131.849746872707
42,VLSDFKSWL,27575.46875,27575.486638911836
43,NEGCGWMGW,23335.333984375,23335.374516036085
44,PTIAGAGDV,18241.2265625,18241.217947697056
45,FVRSSNLKF,3136.277099609375,3136.2758450263286
46,LWLTDNTHI,29340.919921875,29340.90935533099
47,LLDEQGVGPL,30371.74609375,30371.776937530227
48,SLFNTVAVL,20131.6875,20131.689816349666
49,VLFGLLCLL,25042.443359375,25042.45934443877
