,peptide,torchMHC_prediction,MHCFlurry_prediction
0,RDAVILLM,27426.525390625,27426.517572705798
1,VYEAADMI,9614.302734375,9614.300661215797
2,RLLSPTTIV,5399.48046875,5399.482783887294
3,LAYTIGTTHF,11543.4150390625,11543.421710437193
4,FPVTPQVPV,5469.04443359375,5469.045989744318
5,KSLFNTVATL,9837.4853515625,9837.48809913696
6,GLVILLVLAL,23932.314453125,23932.347120594524
7,SLFGGMSWI,9927.822265625,9927.8203230823
8,RDWAHNSL,17705.076171875,17705.0605359954
9,TSAVLLLLVV,33577.03125,33577.0148891476
10,MLVQSCTSI,1089.0567626953125,1089.0563466419778
11,LLDAHIPQL,3745.793701171875,3745.7918737201035
12,SLYNTVAAL,239.86924743652344,239.86918559237535
13,AMKADIQHV,10839.78515625,10839.79044395799
14,RPPIFIRRLH,38626.6953125,38626.73096299436
15,GHQAAMQML,3953.306640625,3953.306494008125
16,GLIMVLSFL,15529.92578125,15529.925725311958
17,SNVSAALAAL,18434.06640625,18434.06636296944
18,LFNWAVKTKL,22679.48046875,22679.472435521784
19,SMNATLVQA,14722.9560546875,14722.960260025226
20,SLFNAVAVL,637.12744140625,637.1272362252021
21,LWEWASVRF,10521.2392578125,10521.237303504226
22,LFLNTLSFV,11100.0498046875,11100.057661399378
23,TPGPGIRYPL,25561.626953125,25561.623543788
24,FISGIQYLA,9695.19921875,9695.19944842364
25,NMIIMDEAHF,23169.310546875,23169.296058378743
26,CQTYKWETF,18485.7890625,18485.784358262004
27,QMWKCLIRL,6740.6796875,6740.675437800376
28,CPRRPAVAF,6630.36181640625,6630.357502364509
29,SLNFLGGTTV,26028.474609375,26028.462060792044
30,SPKRLATAI,13084.8193359375,13084.819295374395
31,FAFSDLCIVY,7448.69677734375,7448.694037412306
32,AVCTRGVAK,18236.49609375,18236.501687142543
33,KAKKTPMGF,4533.70751953125,4533.703459543479
34,GLMNNAFEWI,28403.17578125,28403.170345411156
35,AIRGSVTPAV,18457.919921875,18457.919403981672
36,VTEHDTLLY,12072.5693359375,12072.563817461027
37,IPITAAAWYL,29093.046875,29093.033713434856
38,QRLHGLSAF,2550.094970703125,2550.0953105067783
39,IENSSVNVSL,19404.966796875,19404.961911297538
40,RDWAHNGL,24760.2265625,24760.22215654817
41,FYGMWPLLL,457.98931884765625,457.98926488063194
42,VLSDFKSWL,8507.927734375,8507.923485162062
43,NEGCGWMGW,31301.203125,31301.179444503934
44,PTIAGAGDV,13303.3154296875,13303.316770833248
45,FVRSSNLKF,1771.99658203125,1771.9968431032587
46,LWLTDNTHI,11319.0009765625,11318.996966187475
47,LLDEQGVGPL,13526.001953125,13525.991387769234
48,SLFNTVAVL,468.35369873046875,468.3534972494855
49,VLFGLLCLL,3269.620361328125,3269.618866756374
