,peptide,torchMHC_prediction,MHCFlurry_prediction
0,RDAVILLM,27755.0625,27755.056653541094
1,VYEAADMI,10798.3583984375,10798.355974340902
2,RLLSPTTIV,1529.4989013671875,1529.498576653766
3,LAYTIGTTHF,9868.033203125,9868.034048263646
4,FPVTPQVPV,6315.8056640625,6315.809940857254
5,KSLFNTVATL,8567.185546875,8567.187502745484
6,GLVILLVLAL,31270.232421875,31270.238329920845
7,SLFGGMSWI,1209.885986328125,1209.8855465994086
8,RDWAHNSL,22463.169921875,22463.186375886307
9,TSAVLLLLVV,30063.916015625,30063.917290331134
10,MLVQSCTSI,640.6421508789062,640.6419643119426
11,LLDAHIPQL,4199.91748046875,4199.9185269458785
12,SLYNTVAAL,264.3614196777344,264.36136158723787
13,AMKADIQHV,670.1353149414062,670.1353930358473
14,RPPIFIRRLH,39551.6015625,39551.63858503017
15,GHQAAMQML,3836.30517578125,3836.3056792363136
16,GLIMVLSFL,10950.25390625,10950.25720681102
17,SNVSAALAAL,26775.865234375,26775.8935323938
18,LFNWAVKTKL,18754.4921875,18754.501624730492
19,SMNATLVQA,7928.74853515625,7928.74713691322
20,SLFNAVAVL,403.0528869628906,403.05291038748015
21,LWEWASVRF,4072.75390625,4072.7548072964837
22,LFLNTLSFV,1977.26513671875,1977.2660225104928
23,TPGPGIRYPL,32157.80078125,32157.78996499508
24,FISGIQYLA,10681.341796875,10681.334907774386
25,NMIIMDEAHF,32887.703125,32887.6865059909
26,CQTYKWETF,14090.095703125,14090.102298793807
27,QMWKCLIRL,2888.29443359375,2888.2937324048
28,CPRRPAVAF,11846.609375,11846.619123482265
29,SLNFLGGTTV,22412.02734375,22412.024636649694
30,SPKRLATAI,8889.1650390625,8889.172357416586
31,FAFSDLCIVY,8218.9384765625,8218.937168439323
32,AVCTRGVAK,17805.99609375,17805.996797648575
33,KAKKTPMGF,5148.41357421875,5148.412632102903
34,GLMNNAFEWI,31746.40625,31746.413165145932
35,AIRGSVTPAV,23459.017578125,23459.013589621114
36,VTEHDTLLY,4468.63623046875,4468.634744550032
37,IPITAAAWYL,37332.63671875,37332.613657234426
38,QRLHGLSAF,1067.8402099609375,1067.8400687644282
39,IENSSVNVSL,24083.724609375,24083.741969759896
40,RDWAHNGL,30183.482421875,30183.508945187295
41,FYGMWPLLL,192.80763244628906,192.80769182819233
42,VLSDFKSWL,1908.642822265625,1908.6428276239103
43,NEGCGWMGW,28323.1640625,28323.1605617609
44,PTIAGAGDV,3493.3720703125,3493.373573789475
45,FVRSSNLKF,1969.2127685546875,1969.212598772865
46,LWLTDNTHI,1797.822265625,1797.8214985571249
47,LLDEQGVGPL,25185.234375,25185.24199824332
48,SLFNTVAVL,173.12330627441406,173.12329827160283
49,VLFGLLCLL,1415.716552734375,1415.7163743503397
