,peptide,torchMHC_prediction,MHCFlurry_prediction
0,RDAVILLM,28609.65234375,28609.652292284474
1,VYEAADMI,34361.390625,34361.40076998838
2,RLLSPTTIV,28592.767578125,28592.740017286327
3,LAYTIGTTHF,16279.3203125,16279.333075391516
4,FPVTPQVPV,21204.595703125,21204.60633683484
5,KSLFNTVATL,26271.775390625,26271.788474158624
6,GLVILLVLAL,19750.57421875,19750.573914612483
7,SLFGGMSWI,6825.06884765625,6825.074612766458
8,RDWAHNSL,34300.71875,34300.74669479477
9,TSAVLLLLVV,21368.5,21368.511248371116
10,MLVQSCTSI,19884.171875,19884.18149578446
11,LLDAHIPQL,13376.326171875,13376.323339181761
12,SLYNTVAAL,6764.53271484375,6764.531825163179
13,AMKADIQHV,14662.7880859375,14662.780232213501
14,RPPIFIRRLH,29116.251953125,29116.26951440987
15,GHQAAMQML,17760.681640625,17760.66830880512
16,GLIMVLSFL,13813.787109375,13813.794496987994
17,SNVSAALAAL,10328.7470703125,10328.74562681528
18,LFNWAVKTKL,28596.17578125,28596.1623741695
19,SMNATLVQA,23799.986328125,23799.986621954627
20,SLFNAVAVL,8388.8955078125,8388.892181333826
21,LWEWASVRF,23634.802734375,23634.818106875002
22,LFLNTLSFV,21672.779296875,21672.79885756869
23,TPGPGIRYPL,25059.26171875,25059.28438559932
24,FISGIQYLA,11642.5751953125,11642.580464060746
25,NMIIMDEAHF,21913.91015625,21913.901754726343
26,CQTYKWETF,23287.9375,23287.922281336436
27,QMWKCLIRL,27618.60546875,27618.63260200698
28,CPRRPAVAF,20214.35546875,20214.332252271324
29,SLNFLGGTTV,23134.53515625,23134.540041136275
30,SPKRLATAI,25623.107421875,25623.111118766767
31,FAFSDLCIVY,10929.720703125,10929.729127023942
32,AVCTRGVAK,22005.552734375,22005.527225576097
33,KAKKTPMGF,26063.201171875,26063.212054948155
34,GLMNNAFEWI,19445.1484375,19445.148141238984
35,AIRGSVTPAV,20167.2578125,20167.264043003273
36,VTEHDTLLY,8362.392578125,8362.392815558696
37,IPITAAAWYL,18410.91015625,18410.92262348762
38,QRLHGLSAF,13532.814453125,13532.812161702743
39,IENSSVNVSL,31762.546875,31762.503412651484
40,RDWAHNGL,33986.921875,33986.97069724428
41,FYGMWPLLL,25542.158203125,25542.1635819903
42,VLSDFKSWL,23054.03515625,23054.025995983553
43,NEGCGWMGW,15409.3056640625,15409.286735607555
44,PTIAGAGDV,13889.1494140625,13889.167362836119
45,FVRSSNLKF,1139.29736328125,1139.2967590454314
46,LWLTDNTHI,28066.37890625,28066.40184247695
47,LLDEQGVGPL,21916.583984375,21916.55456949373
48,SLFNTVAVL,9618.576171875,9618.580309879791
49,VLFGLLCLL,19649.646484375,19649.639026390294
