,peptide,torchMHC_prediction,MHCFlurry_prediction
0,RDAVILLM,27061.873046875,27061.869165910153
1,VYEAADMI,2939.49169921875,2939.493468022179
2,RLLSPTTIV,524.8692626953125,524.8692527394096
3,LAYTIGTTHF,12594.4609375,12594.46498604939
4,FPVTPQVPV,1872.05126953125,1872.0511986966578
5,KSLFNTVATL,7440.11328125,7440.108088742802
6,GLVILLVLAL,27991.5078125,27991.515415570026
7,SLFGGMSWI,1825.290283203125,1825.291024747971
8,RDWAHNSL,17894.689453125,17894.681464035235
9,TSAVLLLLVV,26862.828125,26862.809599046963
10,MLVQSCTSI,389.7494812011719,389.74941108862873
11,LLDAHIPQL,1908.3116455078125,1908.311032478661
12,SLYNTVAAL,292.3455810546875,292.3457217277353
13,AMKADIQHV,380.7913818359375,380.7913854955977
14,RPPIFIRRLH,32278.736328125,32278.755900414882
15,GHQAAMQML,1007.2532348632812,1007.2531343192117
16,GLIMVLSFL,11030.91796875,11030.919090193374
17,SNVSAALAAL,27084.8515625,27084.871576989975
18,LFNWAVKTKL,18693.671875,18693.67642691436
19,SMNATLVQA,2642.044189453125,2642.044042573117
20,SLFNAVAVL,373.57208251953125,373.57197852073057
21,LWEWASVRF,2838.522216796875,2838.521355585227
22,LFLNTLSFV,1287.202880859375,1287.203375696258
23,TPGPGIRYPL,28323.650390625,28323.652656215258
24,FISGIQYLA,11188.986328125,11188.977386660827
25,NMIIMDEAHF,29834.3671875,29834.37000822299
26,CQTYKWETF,9494.412109375,9494.420536424028
27,QMWKCLIRL,2103.81640625,2103.8170301513164
28,CPRRPAVAF,4958.46728515625,4958.469430525355
29,SLNFLGGTTV,21974.263671875,21974.28702887981
30,SPKRLATAI,6985.2216796875,6985.222509543914
31,FAFSDLCIVY,4584.55615234375,4584.554187925606
32,AVCTRGVAK,14104.19921875,14104.207862084793
33,KAKKTPMGF,3422.966064453125,3422.9660996500775
34,GLMNNAFEWI,24099.41796875,24099.425417962215
35,AIRGSVTPAV,20804.201171875,20804.20494582196
36,VTEHDTLLY,5426.47900390625,5426.479233261875
37,IPITAAAWYL,30431.9375,30431.932243335817
38,QRLHGLSAF,1524.507568359375,1524.5086933000862
39,IENSSVNVSL,26346.544921875,26346.522080984778
40,RDWAHNGL,23497.416015625,23497.428936213415
41,FYGMWPLLL,80.49871826171875,80.49872042314415
42,VLSDFKSWL,2150.07666015625,2150.076081505507
43,NEGCGWMGW,28182.302734375,28182.289112607814
44,PTIAGAGDV,1978.7733154296875,1978.7730148664332
45,FVRSSNLKF,1759.5655517578125,1759.5654031623642
46,LWLTDNTHI,2475.870361328125,2475.8682636580493
47,LLDEQGVGPL,19521.533203125,19521.5472508772
48,SLFNTVAVL,155.49871826171875,155.49867835976727
49,VLFGLLCLL,1757.4005126953125,1757.3996653362885
