,peptide,torchMHC_prediction,MHCFlurry_prediction
0,RDAVILLM,24613.576171875,24613.566782048594
1,VYEAADMI,29518.634765625,29518.627812652376
2,RLLSPTTIV,15591.4365234375,15591.45944927531
3,LAYTIGTTHF,17317.763671875,17317.76092747052
4,FPVTPQVPV,12255.822265625,12255.811209089026
5,KSLFNTVATL,12027.005859375,12027.00939690482
6,GLVILLVLAL,20281.16796875,20281.147377847516
7,SLFGGMSWI,17233.0,17233.00928671511
8,RDWAHNSL,18149.501953125,18149.498809443165
9,TSAVLLLLVV,24201.5390625,24201.530407866292
10,MLVQSCTSI,3989.236572265625,3989.2336135327014
11,LLDAHIPQL,12809.3486328125,12809.342730658407
12,SLYNTVAAL,4492.27392578125,4492.271645868279
13,AMKADIQHV,10009.4853515625,10009.487604130489
14,RPPIFIRRLH,29622.017578125,29622.008154233346
15,GHQAAMQML,26068.3203125,26068.33659318299
16,GLIMVLSFL,18239.103515625,18239.104997783048
17,SNVSAALAAL,16003.732421875,16003.735157162015
18,LFNWAVKTKL,20126.044921875,20126.042347728373
19,SMNATLVQA,20293.47265625,20293.485808850306
20,SLFNAVAVL,12155.5419921875,12155.547834816487
21,LWEWASVRF,24014.576171875,24014.600118188944
22,LFLNTLSFV,17117.833984375,17117.823225266864
23,TPGPGIRYPL,3849.208740234375,3849.209428438023
24,FISGIQYLA,22318.1796875,22318.168323748192
25,NMIIMDEAHF,21186.50390625,21186.53125866711
26,CQTYKWETF,13563.513671875,13563.527848359596
27,QMWKCLIRL,11168.34765625,11168.348657624878
28,CPRRPAVAF,3215.137451171875,3215.1347980658347
29,SLNFLGGTTV,21952.208984375,21952.21524864285
30,SPKRLATAI,532.125732421875,532.1257570307926
31,FAFSDLCIVY,22397.75390625,22397.76313127326
32,AVCTRGVAK,25694.978515625,25694.956070414726
33,KAKKTPMGF,11175.9658203125,11175.962622923773
34,GLMNNAFEWI,19776.546875,19776.534277166338
35,AIRGSVTPAV,20319.248046875,20319.22473884669
36,VTEHDTLLY,30706.587890625,30706.57960383672
37,IPITAAAWYL,15491.76171875,15491.754144121147
38,QRLHGLSAF,9067.4794921875,9067.485349849894
39,IENSSVNVSL,13698.4736328125,13698.4665613839
40,RDWAHNGL,24017.416015625,24017.400929756182
41,FYGMWPLLL,19261.6875,19261.66973226181
42,VLSDFKSWL,17652.609375,17652.592705058563
43,NEGCGWMGW,26643.96875,26643.976174418993
44,PTIAGAGDV,25383.466796875,25383.48300927322
45,FVRSSNLKF,8633.0947265625,8633.1001407896
46,LWLTDNTHI,21426.63671875,21426.625993788606
47,LLDEQGVGPL,21841.490234375,21841.477146519603
48,SLFNTVAVL,8962.5068359375,8962.507252829659
49,VLFGLLCLL,15587.466796875,15587.459221732433
