,peptide,torchMHC_prediction,MHCFlurry_prediction
0,RDAVILLM,16487.71875,16487.722678992657
1,VYEAADMI,26127.90625,26127.920720246988
2,RLLSPTTIV,15903.0751953125,15903.087065551064
3,LAYTIGTTHF,14438.615234375,14438.618961622822
4,FPVTPQVPV,16054.4990234375,16054.513029806358
5,KSLFNTVATL,16878.1171875,16878.103343581755
6,GLVILLVLAL,14736.076171875,14736.077605394543
7,SLFGGMSWI,11317.392578125,11317.406772308954
8,RDWAHNSL,14872.1474609375,14872.14903698465
9,TSAVLLLLVV,5991.775390625,5991.77813187667
10,MLVQSCTSI,14847.9560546875,14847.95645904829
11,LLDAHIPQL,21629.3359375,21629.338794602456
12,SLYNTVAAL,11359.119140625,11359.117552029322
13,AMKADIQHV,13909.3505859375,13909.343765457405
14,RPPIFIRRLH,29304.734375,29304.733940263715
15,GHQAAMQML,13506.4599609375,13506.465516840744
16,GLIMVLSFL,21243.640625,21243.629811882605
17,SNVSAALAAL,18909.751953125,18909.763259496
18,LFNWAVKTKL,26989.166015625,26989.166281606616
19,SMNATLVQA,1908.2979736328125,1908.2976060721646
20,SLFNAVAVL,16624.625,16624.60787220513
21,LWEWASVRF,20387.767578125,20387.779079020187
22,LFLNTLSFV,17341.34765625,17341.33807184306
23,TPGPGIRYPL,17982.603515625,17982.609074723234
24,FISGIQYLA,6104.1923828125,6104.191686746702
25,NMIIMDEAHF,22727.78515625,22727.759358885716
26,CQTYKWETF,10132.9609375,10132.967223413249
27,QMWKCLIRL,11431.8671875,11431.87308074188
28,CPRRPAVAF,7750.92431640625,7750.922832144188
29,SLNFLGGTTV,13386.369140625,13386.370748104417
30,SPKRLATAI,9819.591796875,9819.594062457181
31,FAFSDLCIVY,15119.5087890625,15119.503677456221
32,AVCTRGVAK,17679.16015625,17679.15015158626
33,KAKKTPMGF,18431.7109375,18431.700322864453
34,GLMNNAFEWI,18848.33984375,18848.328943014156
35,AIRGSVTPAV,8827.3779296875,8827.377896948998
36,VTEHDTLLY,23130.056640625,23130.06299862499
37,IPITAAAWYL,19709.66796875,19709.656356347536
38,QRLHGLSAF,7959.35595703125,7959.355208887576
39,IENSSVNVSL,3764.943359375,3764.9447582029497
40,RDWAHNGL,18845.17578125,18845.16465341075
41,FYGMWPLLL,22290.2734375,22290.245921362235
42,VLSDFKSWL,20024.40234375,20024.41758783398
43,NEGCGWMGW,7552.65283203125,7552.642654129015
44,PTIAGAGDV,14965.8662109375,14965.868550083664
45,FVRSSNLKF,12361.75,12361.749101129128
46,LWLTDNTHI,21690.5,21690.504205037087
47,LLDEQGVGPL,23340.275390625,23340.259326756182
48,SLFNTVAVL,14984.9326171875,14984.942450746845
49,VLFGLLCLL,21486.0390625,21486.053300711665
