,peptide,torchMHC_prediction,MHCFlurry_prediction
0,RDAVILLM,15994.0751953125,15994.059085231247
1,VYEAADMI,20855.75,20855.76371541108
2,RLLSPTTIV,76.00369262695312,76.00367597206312
3,LAYTIGTTHF,17507.3515625,17507.337977145795
4,FPVTPQVPV,9914.56640625,9914.568292544287
5,KSLFNTVATL,304.8160400390625,304.8158915109426
6,GLVILLVLAL,755.2926025390625,755.2928397733367
7,SLFGGMSWI,18.0284366607666,18.028441951887736
8,RDWAHNSL,19004.287109375,19004.297388636878
9,TSAVLLLLVV,5545.56201171875,5545.562002997913
10,MLVQSCTSI,144.91897583007812,144.91899249019338
11,LLDAHIPQL,16.506505966186523,16.50650643054427
12,SLYNTVAAL,46.064422607421875,46.064420983733655
13,AMKADIQHV,527.15478515625,527.1548956877755
14,RPPIFIRRLH,21581.8203125,21581.803539702192
15,GHQAAMQML,15845.955078125,15845.947789580088
16,GLIMVLSFL,57.8540153503418,57.854001792390825
17,SNVSAALAAL,10983.439453125,10983.436770100821
18,LFNWAVKTKL,15059.328125,15059.327455905182
19,SMNATLVQA,443.9405822753906,443.9406034250941
20,SLFNAVAVL,62.16545104980469,62.165478346571106
21,LWEWASVRF,20313.376953125,20313.375799037713
22,LFLNTLSFV,770.773193359375,770.7735660117005
23,TPGPGIRYPL,13584.1220703125,13584.121146979773
24,FISGIQYLA,97.21530151367188,97.21525539060498
25,NMIIMDEAHF,12789.5625,12789.553071000375
26,CQTYKWETF,20404.26171875,20404.258637504237
27,QMWKCLIRL,60.10689926147461,60.10690825775743
28,CPRRPAVAF,22204.599609375,22204.59131595701
29,SLNFLGGTTV,460.6985168457031,460.6984297860627
30,SPKRLATAI,18553.328125,18553.330482488236
31,FAFSDLCIVY,5591.73291015625,5591.7382118595315
32,AVCTRGVAK,21981.09765625,21981.094999287205
33,KAKKTPMGF,23244.845703125,23244.84098693279
34,GLMNNAFEWI,79.98341369628906,79.98346208000271
35,AIRGSVTPAV,829.4246215820312,829.4253348057904
36,VTEHDTLLY,19692.15625,19692.143286484534
37,IPITAAAWYL,7660.44775390625,7660.449896880443
38,QRLHGLSAF,18692.2109375,18692.205121751034
39,IENSSVNVSL,10274.125,10274.125997786066
40,RDWAHNGL,19173.130859375,19173.127738275143
41,FYGMWPLLL,3000.5439453125,3000.543896371329
42,VLSDFKSWL,73.30327606201172,73.30326948434971
43,NEGCGWMGW,21351.91796875,21351.897081033814
44,PTIAGAGDV,18560.4765625,18560.481915024724
45,FVRSSNLKF,16728.126953125,16728.116616110186
46,LWLTDNTHI,11133.6689453125,11133.671030577721
47,LLDEQGVGPL,422.3712158203125,422.3712530501375
48,SLFNTVAVL,81.24800109863281,81.2480137432235
49,VLFGLLCLL,18.97789764404297,18.977901468118308
