,peptide,torchMHC_prediction,MHCFlurry_prediction
0,RDAVILLM,37812.78125,37812.76274550512
1,VYEAADMI,37447.91796875,37447.957923884744
2,RLLSPTTIV,980.139404296875,980.1397631997429
3,LAYTIGTTHF,28956.970703125,28956.968803586245
4,FPVTPQVPV,12776.5302734375,12776.521549098567
5,KSLFNTVATL,3057.98876953125,3057.986392991041
6,GLVILLVLAL,4627.9970703125,4627.995848366403
7,SLFGGMSWI,7.725570201873779,7.725570141525322
8,RDWAHNSL,33999.109375,33999.09582079221
9,TSAVLLLLVV,18898.576171875,18898.59704715702
10,MLVQSCTSI,166.50733947753906,166.5073595163362
11,LLDAHIPQL,7.530819416046143,7.53081805872499
12,SLYNTVAAL,19.80984115600586,19.80984317746752
13,AMKADIQHV,71.07365417480469,71.07365611545232
14,RPPIFIRRLH,40049.78125,40049.76375104424
15,GHQAAMQML,18811.330078125,18811.338984601847
16,GLIMVLSFL,144.03091430664062,144.0309816563502
17,SNVSAALAAL,1003.9039306640625,1003.9042281204553
18,LFNWAVKTKL,8077.46875,8077.46920151754
19,SMNATLVQA,54.554012298583984,54.554031085848145
20,SLFNAVAVL,64.74706268310547,64.74703463098199
21,LWEWASVRF,29772.97265625,29772.97631922638
22,LFLNTLSFV,1384.469482421875,1384.4689790243835
23,TPGPGIRYPL,16568.990234375,16568.981218308454
24,FISGIQYLA,9.647806167602539,9.64780773260363
25,NMIIMDEAHF,23880.15234375,23880.15532389132
26,CQTYKWETF,33737.80859375,33737.792160439145
27,QMWKCLIRL,625.5206298828125,625.5203832897499
28,CPRRPAVAF,37487.4375,37487.47557261299
29,SLNFLGGTTV,75.99662780761719,75.9966242002314
30,SPKRLATAI,20485.861328125,20485.85081698846
31,FAFSDLCIVY,5967.134765625,5967.132375543363
32,AVCTRGVAK,30926.9453125,30926.961683568796
33,KAKKTPMGF,29661.962890625,29661.92903535567
34,GLMNNAFEWI,13.142415046691895,13.142417631470186
35,AIRGSVTPAV,2046.332763671875,2046.333237981342
36,VTEHDTLLY,31342.93359375,31342.904914353767
37,IPITAAAWYL,6300.0927734375,6300.093482952869
38,QRLHGLSAF,27046.392578125,27046.409439733114
39,IENSSVNVSL,3614.9453125,3614.944434611205
40,RDWAHNGL,34669.484375,34669.499591088075
41,FYGMWPLLL,10403.5537109375,10403.553043727112
42,VLSDFKSWL,12.314970016479492,12.314973322752575
43,NEGCGWMGW,35521.6171875,35521.61860253687
44,PTIAGAGDV,11096.1767578125,11096.183409934325
45,FVRSSNLKF,21753.30859375,21753.344398334524
46,LWLTDNTHI,10891.5234375,10891.516732280388
47,LLDEQGVGPL,773.6013793945312,773.6014107812591
48,SLFNTVAVL,112.04202270507812,112.04202137429935
49,VLFGLLCLL,32.546443939208984,32.54642824448738
