,peptide,torchMHC_prediction,MHCFlurry_prediction
0,RDAVILLM,31518.765625,31518.75484736958
1,VYEAADMI,33404.94140625,33404.91165290423
2,RLLSPTTIV,6261.13623046875,6261.133946508632
3,LAYTIGTTHF,12376.54296875,12376.537263421165
4,FPVTPQVPV,9659.75,9659.753653912092
5,KSLFNTVATL,8817.5751953125,8817.571463940421
6,GLVILLVLAL,31865.15625,31865.149976993238
7,SLFGGMSWI,6082.02392578125,6082.026030546707
8,RDWAHNSL,32274.765625,32274.761444719643
9,TSAVLLLLVV,30202.025390625,30202.02429525358
10,MLVQSCTSI,8294.404296875,8294.403722384763
11,LLDAHIPQL,22721.283203125,22721.29014673911
12,SLYNTVAAL,1885.5863037109375,1885.5872457938165
13,AMKADIQHV,9334.8505859375,9334.851463456764
14,RPPIFIRRLH,38514.65234375,38514.65893172165
15,GHQAAMQML,33221.46875,33221.46064334009
16,GLIMVLSFL,32586.302734375,32586.280839814743
17,SNVSAALAAL,33433.91015625,33433.92695851903
18,LFNWAVKTKL,34257.796875,34257.811570220605
19,SMNATLVQA,22511.6796875,22511.685390264596
20,SLFNAVAVL,2062.417724609375,2062.417677467307
21,LWEWASVRF,29250.509765625,29250.485691177964
22,LFLNTLSFV,15136.50390625,15136.495068689883
23,TPGPGIRYPL,28013.353515625,28013.337339190166
24,FISGIQYLA,23632.029296875,23632.026845459295
25,NMIIMDEAHF,32958.37890625,32958.398474421476
26,CQTYKWETF,24509.013671875,24509.013691734046
27,QMWKCLIRL,28943.828125,28943.817369484135
28,CPRRPAVAF,18567.806640625,18567.813195633462
29,SLNFLGGTTV,32729.5703125,32729.581787299445
30,SPKRLATAI,24907.513671875,24907.501040801442
31,FAFSDLCIVY,1419.7762451171875,1419.776469801906
32,AVCTRGVAK,32669.7890625,32669.78300769844
33,KAKKTPMGF,9205.6962890625,9205.699047827387
34,GLMNNAFEWI,27544.796875,27544.782142333068
35,AIRGSVTPAV,26984.4296875,26984.446249066223
36,VTEHDTLLY,13374.1064453125,13374.11368568931
37,IPITAAAWYL,37383.69140625,37383.671005726326
38,QRLHGLSAF,7814.017578125,7814.01943577056
39,IENSSVNVSL,27956.90625,27956.928473513977
40,RDWAHNGL,37010.296875,37010.30655306952
41,FYGMWPLLL,6667.44921875,6667.450336605499
42,VLSDFKSWL,21641.61328125,21641.60956968079
43,NEGCGWMGW,38689.37109375,38689.376592459404
44,PTIAGAGDV,17536.26171875,17536.249235198226
45,FVRSSNLKF,4749.61279296875,4749.617237422176
46,LWLTDNTHI,26646.865234375,26646.85836594624
47,LLDEQGVGPL,31845.744140625,31845.752994461796
48,SLFNTVAVL,1107.0860595703125,1107.086362673356
49,VLFGLLCLL,17873.11328125,17873.101305815773
