,peptide,torchMHC_prediction,MHCFlurry_prediction
0,RDAVILLM,26490.68359375,26490.682520000475
1,VYEAADMI,27724.82421875,27724.823449424315
2,RLLSPTTIV,10725.4072265625,10725.418836024286
3,LAYTIGTTHF,4857.1025390625,4857.099188600398
4,FPVTPQVPV,6687.0244140625,6687.023297330561
5,KSLFNTVATL,6476.2138671875,6476.218106661737
6,GLVILLVLAL,21392.294921875,21392.307822590697
7,SLFGGMSWI,16348.7880859375,16348.79207815794
8,RDWAHNSL,19823.0546875,19823.05230020424
9,TSAVLLLLVV,25798.64453125,25798.64261197466
10,MLVQSCTSI,5761.228515625,5761.226852684012
11,LLDAHIPQL,4925.18994140625,4925.193420068987
12,SLYNTVAAL,3913.648681640625,3913.6497042181877
13,AMKADIQHV,23853.6796875,23853.65841525502
14,RPPIFIRRLH,36065.51953125,36065.52510575001
15,GHQAAMQML,28040.53515625,28040.550585482695
16,GLIMVLSFL,22793.271484375,22793.252852250153
17,SNVSAALAAL,20702.6875,20702.690013787906
18,LFNWAVKTKL,23808.021484375,23808.013646193558
19,SMNATLVQA,24176.556640625,24176.580412567837
20,SLFNAVAVL,5965.41650390625,5965.418152899516
21,LWEWASVRF,22742.291015625,22742.307807286055
22,LFLNTLSFV,24172.060546875,24172.067958291023
23,TPGPGIRYPL,26084.11328125,26084.115164831346
24,FISGIQYLA,13218.4443359375,13218.442024106162
25,NMIIMDEAHF,24933.30078125,24933.30534854203
26,CQTYKWETF,26865.388671875,26865.381968581543
27,QMWKCLIRL,18575.4765625,18575.4917795614
28,CPRRPAVAF,20933.583984375,20933.59818810175
29,SLNFLGGTTV,24251.9296875,24251.920938727428
30,SPKRLATAI,25450.611328125,25450.627781295843
31,FAFSDLCIVY,2750.24560546875,2750.24530421281
32,AVCTRGVAK,21514.6015625,21514.588434992096
33,KAKKTPMGF,6192.99755859375,6192.989375966471
34,GLMNNAFEWI,25005.857421875,25005.837892639596
35,AIRGSVTPAV,18893.115234375,18893.107888693707
36,VTEHDTLLY,12717.037109375,12717.0380478429
37,IPITAAAWYL,25250.529296875,25250.541839925565
38,QRLHGLSAF,16101.9873046875,16101.99889676019
39,IENSSVNVSL,15360.814453125,15360.809009352186
40,RDWAHNGL,25649.072265625,25649.061746289237
41,FYGMWPLLL,17640.171875,17640.177667852236
42,VLSDFKSWL,13056.0751953125,13056.077506686075
43,NEGCGWMGW,31863.423828125,31863.397705722888
44,PTIAGAGDV,16772.6796875,16772.667852795767
45,FVRSSNLKF,4752.775390625,4752.779559881408
46,LWLTDNTHI,25311.81640625,25311.795689104976
47,LLDEQGVGPL,2738.65087890625,2738.6508254864357
48,SLFNTVAVL,5440.19970703125,5440.194716836808
49,VLFGLLCLL,8786.474609375,8786.472859614072
