,peptide,torchMHC_prediction,MHCFlurry_prediction
0,RDAVILLM,28568.7265625,28568.722907022668
1,VYEAADMI,32052.138671875,32052.154056493448
2,RLLSPTTIV,238.31088256835938,238.31096319295787
3,LAYTIGTTHF,16729.626953125,16729.647671205952
4,FPVTPQVPV,10099.7734375,10099.776587236505
5,KSLFNTVATL,962.3145751953125,962.3143907316717
6,GLVILLVLAL,285.77294921875,285.77296538855023
7,SLFGGMSWI,6.651043891906738,6.6510469804725325
8,RDWAHNSL,35152.16796875,35152.11739647385
9,TSAVLLLLVV,3790.569580078125,3790.5709294428143
10,MLVQSCTSI,21.649723052978516,21.649733330981046
11,LLDAHIPQL,6.913820266723633,6.913821710319467
12,SLYNTVAAL,53.312828063964844,53.312864631192824
13,AMKADIQHV,21.64349937438965,21.643497529747812
14,RPPIFIRRLH,37750.3359375,37750.34142498364
15,GHQAAMQML,14172.9384765625,14172.93667121722
16,GLIMVLSFL,26.228025436401367,26.228037431034007
17,SNVSAALAAL,403.20263671875,403.20289901394443
18,LFNWAVKTKL,4864.10205078125,4864.099188382155
19,SMNATLVQA,30.993013381958008,30.99301170503484
20,SLFNAVAVL,16.130550384521484,16.130550410615825
21,LWEWASVRF,32606.9453125,32606.946550290675
22,LFLNTLSFV,207.85140991210938,207.85132987997102
23,TPGPGIRYPL,17519.244140625,17519.244321698097
24,FISGIQYLA,3.274662971496582,3.274663308334483
25,NMIIMDEAHF,11178.2041015625,11178.197981513957
26,CQTYKWETF,34742.86328125,34742.861063910466
27,QMWKCLIRL,273.3769836425781,273.3768796139751
28,CPRRPAVAF,40941.04296875,40941.07429933775
29,SLNFLGGTTV,15.460813522338867,15.460816565823752
30,SPKRLATAI,19396.76953125,19396.762049959118
31,FAFSDLCIVY,829.1758422851562,829.1759148680832
32,AVCTRGVAK,33675.25390625,33675.27818045353
33,KAKKTPMGF,25740.228515625,25740.227626764678
34,GLMNNAFEWI,4.058857440948486,4.0588584750800925
35,AIRGSVTPAV,696.4182739257812,696.4180503646087
36,VTEHDTLLY,32296.935546875,32296.89333441848
37,IPITAAAWYL,1700.2310791015625,1700.2319806033663
38,QRLHGLSAF,28190.017578125,28190.014214500345
39,IENSSVNVSL,2405.207275390625,2405.206033049698
40,RDWAHNGL,34918.08203125,34918.07730846538
41,FYGMWPLLL,1819.2252197265625,1819.2261631730812
42,VLSDFKSWL,10.273629188537598,10.273625908243925
43,NEGCGWMGW,36343.39453125,36343.36201440096
44,PTIAGAGDV,16748.095703125,16748.09210612623
45,FVRSSNLKF,17737.66015625,17737.67521984971
46,LWLTDNTHI,9590.849609375,9590.843001739291
47,LLDEQGVGPL,90.29781341552734,90.29778317566903
48,SLFNTVAVL,69.50941467285156,69.50940778802008
49,VLFGLLCLL,9.17817497253418,9.17817252527775
