,peptide,torchMHC_prediction,MHCFlurry_prediction
0,RDAVILLM,24436.732421875,24436.720812603704
1,VYEAADMI,19236.77734375,19236.760307551827
2,RLLSPTTIV,18406.9609375,18406.962491941318
3,LAYTIGTTHF,29238.685546875,29238.712049013953
4,FPVTPQVPV,155.7993927001953,155.79938378195482
5,KSLFNTVATL,8181.33154296875,8181.33110036944
6,GLVILLVLAL,9270.76953125,9270.759263194279
7,SLFGGMSWI,11468.0322265625,11468.036838901186
8,RDWAHNSL,10857.134765625,10857.141921081617
9,TSAVLLLLVV,15869.42578125,15869.428121208437
10,MLVQSCTSI,9068.8896484375,9068.891877251994
11,LLDAHIPQL,6735.62890625,6735.623448775584
12,SLYNTVAAL,860.1060791015625,860.1061063163478
13,AMKADIQHV,28036.60546875,28036.593977318975
14,RPPIFIRRLH,32878.234375,32878.23825596965
15,GHQAAMQML,264.311279296875,264.31137040584144
16,GLIMVLSFL,20441.267578125,20441.262568969552
17,SNVSAALAAL,1770.3040771484375,1770.3046420949058
18,LFNWAVKTKL,25002.685546875,25002.695062271163
19,SMNATLVQA,14089.759765625,14089.766231912008
20,SLFNAVAVL,1925.0723876953125,1925.0714380696618
21,LWEWASVRF,26210.6875,26210.673248254985
22,LFLNTLSFV,28184.37109375,28184.345200460157
23,TPGPGIRYPL,170.96461486816406,170.9646341476993
24,FISGIQYLA,19722.98046875,19722.985772869375
25,NMIIMDEAHF,24647.80078125,24647.782442715594
26,CQTYKWETF,22244.296875,22244.29463048735
27,QMWKCLIRL,9804.4892578125,9804.496421795118
28,CPRRPAVAF,18041.73046875,18041.732726731658
29,SLNFLGGTTV,19877.232421875,19877.234332524913
30,SPKRLATAI,7257.62353515625,7257.618636879856
31,FAFSDLCIVY,13776.056640625,13776.053222658697
32,AVCTRGVAK,29994.0390625,29994.035034670072
33,KAKKTPMGF,27294.26171875,27294.258407827536
34,GLMNNAFEWI,28976.197265625,28976.207871116523
35,AIRGSVTPAV,20416.15625,20416.15938891412
36,VTEHDTLLY,31806.681640625,31806.687898275624
37,IPITAAAWYL,3869.193359375,3869.19288107043
38,QRLHGLSAF,2162.932373046875,2162.9319527712187
39,IENSSVNVSL,2541.922119140625,2541.921024033529
40,RDWAHNGL,19343.66015625,19343.666603889997
41,FYGMWPLLL,776.90771484375,776.9080195703217
42,VLSDFKSWL,21516.591796875,21516.59074886062
43,NEGCGWMGW,17205.509765625,17205.51206189623
44,PTIAGAGDV,27156.83203125,27156.830383908346
45,FVRSSNLKF,27571.05078125,27571.05175604091
46,LWLTDNTHI,27168.826171875,27168.843255114494
47,LLDEQGVGPL,6703.08251953125,6703.087598972663
48,SLFNTVAVL,1263.5086669921875,1263.5092850291178
49,VLFGLLCLL,8791.251953125,8791.255515351912
