,peptide,torchMHC_prediction,MHCFlurry_prediction
0,RDAVILLM,23166.703125,23166.696957834778
1,VYEAADMI,31205.08203125,31205.084740689723
2,RLLSPTTIV,20940.373046875,20940.36619689276
3,LAYTIGTTHF,2067.81298828125,2067.813509570438
4,FPVTPQVPV,20628.15234375,20628.13332332214
5,KSLFNTVATL,18698.771484375,18698.758132946998
6,GLVILLVLAL,16738.388671875,16738.391782531235
7,SLFGGMSWI,7114.8935546875,7114.895184703488
8,RDWAHNSL,29954.048828125,29954.047120749758
9,TSAVLLLLVV,6661.70361328125,6661.703245276658
10,MLVQSCTSI,13721.720703125,13721.715933930436
11,LLDAHIPQL,25242.318359375,25242.297074034137
12,SLYNTVAAL,8399.9912109375,8399.99101072611
13,AMKADIQHV,30307.658203125,30307.65865486363
14,RPPIFIRRLH,21412.337890625,21412.333326339274
15,GHQAAMQML,30763.861328125,30763.86260634362
16,GLIMVLSFL,9038.4365234375,9038.440875926097
17,SNVSAALAAL,10355.16015625,10355.147595589413
18,LFNWAVKTKL,17437.052734375,17437.04993510214
19,SMNATLVQA,15304.8974609375,15304.893487501387
20,SLFNAVAVL,3841.119140625,3841.1196774187993
21,LWEWASVRF,22578.890625,22578.88042113704
22,LFLNTLSFV,16558.296875,16558.287789641556
23,TPGPGIRYPL,23088.404296875,23088.398768450472
24,FISGIQYLA,407.0088195800781,407.009023029692
25,NMIIMDEAHF,4155.89453125,4155.892774414223
26,CQTYKWETF,20504.1171875,20504.107449120675
27,QMWKCLIRL,19490.30078125,19490.29906284673
28,CPRRPAVAF,23400.318359375,23400.315392397897
29,SLNFLGGTTV,18948.763671875,18948.769649617498
30,SPKRLATAI,30853.974609375,30853.94334925481
31,FAFSDLCIVY,53.05208206176758,53.052107053210214
32,AVCTRGVAK,553.0264282226562,553.0265702638739
33,KAKKTPMGF,21650.013671875,21650.01650883264
34,GLMNNAFEWI,23807.318359375,23807.327310816145
35,AIRGSVTPAV,23274.060546875,23274.053927041088
36,VTEHDTLLY,3563.873046875,3563.8725037535005
37,IPITAAAWYL,15162.1044921875,15162.107063736597
38,QRLHGLSAF,18434.6640625,18434.664483992947
39,IENSSVNVSL,22961.857421875,22961.854429760577
40,RDWAHNGL,29152.455078125,29152.480725646557
41,FYGMWPLLL,23818.46875,23818.480805907082
42,VLSDFKSWL,9644.4697265625,9644.47212752174
43,NEGCGWMGW,21059.654296875,21059.652565625544
44,PTIAGAGDV,24257.2265625,24257.24375361107
45,FVRSSNLKF,3658.40478515625,3658.4028759022285
46,LWLTDNTHI,30677.111328125,30677.126135587223
47,LLDEQGVGPL,28437.0546875,28437.063902712536
48,SLFNTVAVL,3931.679931640625,3931.6817147397664
49,VLFGLLCLL,6039.68505859375,6039.685142801076
