,peptide,torchMHC_prediction,MHCFlurry_prediction
0,RDAVILLM,37585.48828125,37585.5198566903
1,VYEAADMI,38641.06640625,38641.08529469747
2,RLLSPTTIV,1398.7740478515625,1398.7741883200833
3,LAYTIGTTHF,24731.505859375,24731.519657318688
4,FPVTPQVPV,15052.91015625,15052.903344788143
5,KSLFNTVATL,6999.79248046875,6999.791636424178
6,GLVILLVLAL,3576.75048828125,3576.750122219013
7,SLFGGMSWI,11.435981750488281,11.43598670304985
8,RDWAHNSL,36891.2578125,36891.238146466174
9,TSAVLLLLVV,18838.025390625,18838.025646618225
10,MLVQSCTSI,205.3602294921875,205.36027480865295
11,LLDAHIPQL,24.79325294494629,24.793257971518607
12,SLYNTVAAL,122.59223175048828,122.5922049787956
13,AMKADIQHV,156.09243774414062,156.0925543453976
14,RPPIFIRRLH,39693.984375,39694.01938448236
15,GHQAAMQML,23488.857421875,23488.862380618157
16,GLIMVLSFL,365.3828430175781,365.38291329500476
17,SNVSAALAAL,2958.075927734375,2958.0758325193237
18,LFNWAVKTKL,17642.998046875,17642.99891219615
19,SMNATLVQA,158.0342559814453,158.03428680354642
20,SLFNAVAVL,161.4008331298828,161.40086228344387
21,LWEWASVRF,35090.26953125,35090.27562018294
22,LFLNTLSFV,2630.948486328125,2630.9467473297004
23,TPGPGIRYPL,18988.94140625,18988.93930703638
24,FISGIQYLA,5.784270286560059,5.784269302824447
25,NMIIMDEAHF,18921.984375,18921.957659461703
26,CQTYKWETF,34597.84375,34597.82479315227
27,QMWKCLIRL,1707.1591796875,1707.1583378024295
28,CPRRPAVAF,40917.93359375,40917.8791641807
29,SLNFLGGTTV,98.84297943115234,98.84300922433735
30,SPKRLATAI,26604.486328125,26604.480784980522
31,FAFSDLCIVY,9259.494140625,9259.506342882332
32,AVCTRGVAK,33655.703125,33655.69522963325
33,KAKKTPMGF,28978.98828125,28979.02394453733
34,GLMNNAFEWI,20.511281967163086,20.511284396128353
35,AIRGSVTPAV,4024.42578125,4024.4221208575314
36,VTEHDTLLY,34694.48828125,34694.48150650651
37,IPITAAAWYL,12689.9599609375,12689.949446261147
38,QRLHGLSAF,32732.37890625,32732.37835500029
39,IENSSVNVSL,8330.298828125,8330.308291458501
40,RDWAHNGL,36743.19140625,36743.160713605976
41,FYGMWPLLL,11362.4453125,11362.440956527984
42,VLSDFKSWL,27.830984115600586,27.83099094599816
43,NEGCGWMGW,39237.0,39236.97995600687
44,PTIAGAGDV,24345.734375,24345.731899178096
45,FVRSSNLKF,23323.052734375,23323.077598283573
46,LWLTDNTHI,15375.015625,15374.988789711984
47,LLDEQGVGPL,1937.30322265625,1937.3030201234553
48,SLFNTVAVL,307.0660095214844,307.06625713907545
49,VLFGLLCLL,75.11901092529297,75.11900922042621
