,peptide,torchMHC_prediction,MHCFlurry_prediction
0,RDAVILLM,32854.8203125,32854.84831949712
1,VYEAADMI,36087.0546875,36087.08008513387
2,RLLSPTTIV,114.85609436035156,114.856044988502
3,LAYTIGTTHF,29815.90625,29815.86162385108
4,FPVTPQVPV,15153.7060546875,15153.707413759754
5,KSLFNTVATL,43.69644546508789,43.69644800064292
6,GLVILLVLAL,1627.0162353515625,1627.0158383987846
7,SLFGGMSWI,6.459001064300537,6.459000431487389
8,RDWAHNSL,33784.4296875,33784.408236697156
9,TSAVLLLLVV,8082.43115234375,8082.434026858556
10,MLVQSCTSI,171.22805786132812,171.228047025265
11,LLDAHIPQL,7.397504806518555,7.39750662278834
12,SLYNTVAAL,45.40653991699219,45.406541327378406
13,AMKADIQHV,299.58831787109375,299.5884277426051
14,RPPIFIRRLH,32050.580078125,32050.56333841941
15,GHQAAMQML,19566.583984375,19566.564252406093
16,GLIMVLSFL,60.05046463012695,60.050457591288996
17,SNVSAALAAL,13613.4052734375,13613.40747808349
18,LFNWAVKTKL,14801.4990234375,14801.500261175846
19,SMNATLVQA,571.7130126953125,571.7130548559483
20,SLFNAVAVL,29.67184066772461,29.671851627767175
21,LWEWASVRF,27553.30859375,27553.336014702563
22,LFLNTLSFV,1085.964111328125,1085.9638573797363
23,TPGPGIRYPL,19363.095703125,19363.089189503444
24,FISGIQYLA,256.491943359375,256.4919213316634
25,NMIIMDEAHF,12510.04296875,12510.030780676789
26,CQTYKWETF,20725.54296875,20725.538933217034
27,QMWKCLIRL,93.26831817626953,93.26834556251085
28,CPRRPAVAF,31656.82421875,31656.828190768643
29,SLNFLGGTTV,104.42847442626953,104.42856618324144
30,SPKRLATAI,20527.125,20527.13017078363
31,FAFSDLCIVY,4301.21337890625,4301.2166596850275
32,AVCTRGVAK,29975.794921875,29975.7845431264
33,KAKKTPMGF,30972.931640625,30972.935917300892
34,GLMNNAFEWI,129.02883911132812,129.0288555875271
35,AIRGSVTPAV,542.3907470703125,542.3908348253896
36,VTEHDTLLY,23692.845703125,23692.855686219154
37,IPITAAAWYL,10189.05859375,10189.051690713746
38,QRLHGLSAF,20878.31640625,20878.31622207165
39,IENSSVNVSL,10323.458984375,10323.462565300657
40,RDWAHNGL,33209.05078125,33209.08189380232
41,FYGMWPLLL,7909.4072265625,7909.411878623397
42,VLSDFKSWL,39.242523193359375,39.24253780248303
43,NEGCGWMGW,31732.572265625,31732.596527158334
44,PTIAGAGDV,23144.068359375,23144.078009673543
45,FVRSSNLKF,20605.107421875,20605.11042602095
46,LWLTDNTHI,13550.4677734375,13550.45825291243
47,LLDEQGVGPL,340.2294921875,340.22953509885906
48,SLFNTVAVL,51.641231536865234,51.641232237354735
49,VLFGLLCLL,14.120068550109863,14.120065359362119
