,peptide,torchMHC_prediction,MHCFlurry_prediction
0,RDAVILLM,19846.376953125,19846.364368552153
1,VYEAADMI,24500.2734375,24500.265350806385
2,RLLSPTTIV,19.43310546875,19.433101716489233
3,LAYTIGTTHF,8568.3134765625,8568.321423004714
4,FPVTPQVPV,3840.15234375,3840.153740203253
5,KSLFNTVATL,370.2967529296875,370.2966668923512
6,GLVILLVLAL,415.82415771484375,415.82431891583843
7,SLFGGMSWI,3.0551862716674805,3.055185827561657
8,RDWAHNSL,24745.8515625,24745.850300390324
9,TSAVLLLLVV,2360.94921875,2360.949695770412
10,MLVQSCTSI,6.8531341552734375,6.8531349494537475
11,LLDAHIPQL,11.439188957214355,11.439186131032418
12,SLYNTVAAL,7.0133585929870605,7.013362412413494
13,AMKADIQHV,3.5428946018218994,3.542893261429213
14,RPPIFIRRLH,25270.1875,25270.19819425145
15,GHQAAMQML,14679.5078125,14679.514469795116
16,GLIMVLSFL,14.744857788085938,14.744858142527372
17,SNVSAALAAL,631.513427734375,631.5135386431896
18,LFNWAVKTKL,9473.3388671875,9473.338822346386
19,SMNATLVQA,5.337094783782959,5.337095007548883
20,SLFNAVAVL,5.8514556884765625,5.851453119345389
21,LWEWASVRF,27000.95703125,27000.966935205237
22,LFLNTLSFV,101.22809600830078,101.22804254236362
23,TPGPGIRYPL,17145.33203125,17145.33623180912
24,FISGIQYLA,100.58507537841797,100.58511440634278
25,NMIIMDEAHF,13202.318359375,13202.325668935857
26,CQTYKWETF,21212.94921875,21212.932813478135
27,QMWKCLIRL,261.4949035644531,261.49480338905323
28,CPRRPAVAF,26845.10546875,26845.101087566414
29,SLNFLGGTTV,6.221304416656494,6.221304945883266
30,SPKRLATAI,9320.0927734375,9320.091110029649
31,FAFSDLCIVY,6345.89111328125,6345.890494017462
32,AVCTRGVAK,23750.669921875,23750.656982504155
33,KAKKTPMGF,12756.1123046875,12756.120776555768
34,GLMNNAFEWI,10.389500617980957,10.389502854138781
35,AIRGSVTPAV,20.99320411682129,20.99321339996113
36,VTEHDTLLY,22671.326171875,22671.297225403992
37,IPITAAAWYL,11766.833984375,11766.833089770469
38,QRLHGLSAF,20716.05859375,20716.059611713634
39,IENSSVNVSL,3271.108154296875,3271.1098070682983
40,RDWAHNGL,25211.572265625,25211.555266718515
41,FYGMWPLLL,5889.99951171875,5889.996763123704
42,VLSDFKSWL,12.294328689575195,12.294331911851186
43,NEGCGWMGW,25475.015625,25475.02375535894
44,PTIAGAGDV,4319.1064453125,4319.102339916619
45,FVRSSNLKF,4710.42236328125,4710.421361983459
46,LWLTDNTHI,11873.3701171875,11873.369644304583
47,LLDEQGVGPL,34.04087829589844,34.04088043360521
48,SLFNTVAVL,9.073897361755371,9.073899072600247
49,VLFGLLCLL,13.522705078125,13.522703839726555
