,peptide,torchMHC_prediction,MHCFlurry_prediction
0,RDAVILLM,33140.74609375,33140.78089898234
1,VYEAADMI,39544.28515625,39544.23883631488
2,RLLSPTTIV,128.53762817382812,128.53765969171886
3,LAYTIGTTHF,4066.718505859375,4066.7186974555734
4,FPVTPQVPV,2152.4443359375,2152.444186858314
5,KSLFNTVATL,1010.1752319335938,1010.1755015954346
6,GLVILLVLAL,1294.19189453125,1294.1911693584038
7,SLFGGMSWI,11.347097396850586,11.347094870752521
8,RDWAHNSL,35955.828125,35955.838349539095
9,TSAVLLLLVV,1740.0281982421875,1740.0277294868893
10,MLVQSCTSI,74.33329010009766,74.33331453463352
11,LLDAHIPQL,11.440448760986328,11.44044586319196
12,SLYNTVAAL,297.9219970703125,297.92205069641756
13,AMKADIQHV,93.64586639404297,93.64586584071128
14,RPPIFIRRLH,35492.62890625,35492.62512877163
15,GHQAAMQML,17985.365234375,17985.35608694709
16,GLIMVLSFL,144.7289276123047,144.72889784777877
17,SNVSAALAAL,2309.731201171875,2309.7323292572037
18,LFNWAVKTKL,21306.455078125,21306.474614598093
19,SMNATLVQA,160.57339477539062,160.57335215023855
20,SLFNAVAVL,148.71755981445312,148.71752103964258
21,LWEWASVRF,12395.5126953125,12395.510171419852
22,LFLNTLSFV,27.077856063842773,27.07785990950554
23,TPGPGIRYPL,21448.5546875,21448.569038918227
24,FISGIQYLA,45.17728042602539,45.17728547463934
25,NMIIMDEAHF,3101.2080078125,3101.20790483668
26,CQTYKWETF,1669.835205078125,1669.8344571432365
27,QMWKCLIRL,327.4686584472656,327.4686550579927
28,CPRRPAVAF,25021.33984375,25021.353222864895
29,SLNFLGGTTV,549.5350341796875,549.5348840543634
30,SPKRLATAI,17963.681640625,17963.69334687216
31,FAFSDLCIVY,4819.40966796875,4819.409946730303
32,AVCTRGVAK,17290.568359375,17290.55563933344
33,KAKKTPMGF,23695.76171875,23695.767042907682
34,GLMNNAFEWI,172.30673217773438,172.3066087304583
35,AIRGSVTPAV,1350.658203125,1350.6583696638768
36,VTEHDTLLY,24984.666015625,24984.655998534276
37,IPITAAAWYL,734.90478515625,734.9049299032375
38,QRLHGLSAF,5823.36669921875,5823.370365211555
39,IENSSVNVSL,9184.0205078125,9184.015924747451
40,RDWAHNGL,34302.9453125,34302.9580961594
41,FYGMWPLLL,3472.499267578125,3472.501869255058
42,VLSDFKSWL,1534.2154541015625,1534.2149241806271
43,NEGCGWMGW,21313.873046875,21313.858239416073
44,PTIAGAGDV,20258.609375,20258.61443101813
45,FVRSSNLKF,5185.27099609375,5185.269799885469
46,LWLTDNTHI,10959.6875,10959.69403713791
47,LLDEQGVGPL,734.2385864257812,734.2391882194812
48,SLFNTVAVL,716.1411743164062,716.1411456221914
49,VLFGLLCLL,31.041362762451172,31.04135864463053
