,peptide,torchMHC_prediction,MHCFlurry_prediction
0,RDAVILLM,35264.515625,35264.503686356264
1,VYEAADMI,34116.78515625,34116.76082545057
2,RLLSPTTIV,17928.71484375,17928.71751881934
3,LAYTIGTTHF,18085.640625,18085.635687626982
4,FPVTPQVPV,4.3194990158081055,4.319498283521557
5,KSLFNTVATL,31041.892578125,31041.893694372993
6,GLVILLVLAL,27071.9140625,27071.905745654574
7,SLFGGMSWI,27079.3515625,27079.350814845533
8,RDWAHNSL,29608.490234375,29608.479928685676
9,TSAVLLLLVV,6373.53564453125,6373.539960486023
10,MLVQSCTSI,14459.298828125,14459.286127847035
11,LLDAHIPQL,33949.69921875,33949.687390932406
12,SLYNTVAAL,23554.1796875,23554.18885612596
13,AMKADIQHV,23134.248046875,23134.256114488042
14,RPPIFIRRLH,25347.978515625,25347.969521274845
15,GHQAAMQML,34758.640625,34758.61993047431
16,GLIMVLSFL,30379.626953125,30379.60875898128
17,SNVSAALAAL,27951.25390625,27951.281402877208
18,LFNWAVKTKL,32699.837890625,32699.82970186839
19,SMNATLVQA,6139.220703125,6139.219454645809
20,SLFNAVAVL,26042.255859375,26042.270678335557
21,LWEWASVRF,32711.25390625,32711.223978311296
22,LFLNTLSFV,14341.6728515625,14341.666264464016
23,TPGPGIRYPL,6446.99853515625,6447.0054380205665
24,FISGIQYLA,420.991455078125,420.9914387987808
25,NMIIMDEAHF,33289.2421875,33289.24723270214
26,CQTYKWETF,24330.044921875,24330.036392782833
27,QMWKCLIRL,23559.369140625,23559.364810607753
28,CPRRPAVAF,3964.42919921875,3964.431601609262
29,SLNFLGGTTV,19863.873046875,19863.866350881304
30,SPKRLATAI,1697.1126708984375,1697.1116048846031
31,FAFSDLCIVY,5079.72021484375,5079.7181209577675
32,AVCTRGVAK,34254.0078125,34254.00804045013
33,KAKKTPMGF,34863.91015625,34863.91355839399
34,GLMNNAFEWI,32032.337890625,32032.287515103628
35,AIRGSVTPAV,19464.166015625,19464.143241103404
36,VTEHDTLLY,35154.75,35154.748679906326
37,IPITAAAWYL,5430.3046875,5430.302739468446
38,QRLHGLSAF,25959.11328125,25959.10364884114
39,IENSSVNVSL,30308.58203125,30308.587027948288
40,RDWAHNGL,29271.607421875,29271.624699224023
41,FYGMWPLLL,25742.16796875,25742.142844405054
42,VLSDFKSWL,35134.875,35134.851079137945
43,NEGCGWMGW,29525.787109375,29525.782601327544
44,PTIAGAGDV,24475.240234375,24475.244691929263
45,FVRSSNLKF,28695.20703125,28695.194395101484
46,LWLTDNTHI,24346.408203125,24346.400927304152
47,LLDEQGVGPL,36277.35546875,36277.366612975726
48,SLFNTVAVL,25601.296875,25601.29202996537
49,VLFGLLCLL,20922.56640625,20922.566727753936
