,peptide,torchMHC_prediction,MHCFlurry_prediction
0,RDAVILLM,14481.1572265625,14481.155940821842
1,VYEAADMI,35206.1484375,35206.1646573089
2,RLLSPTTIV,184.61053466796875,184.61044984868525
3,LAYTIGTTHF,39.21342849731445,39.213432532391614
4,FPVTPQVPV,12225.6220703125,12225.60388753149
5,KSLFNTVATL,222.54534912109375,222.54515268608625
6,GLVILLVLAL,3044.06884765625,3044.0678223910136
7,SLFGGMSWI,4441.2373046875,4441.238975504183
8,RDWAHNSL,9394.4541015625,9394.449900126494
9,TSAVLLLLVV,10850.365234375,10850.356875198508
10,MLVQSCTSI,81.4468002319336,81.4467793323777
11,LLDAHIPQL,4140.9638671875,4140.959863846868
12,SLYNTVAAL,26.30563735961914,26.305641595027737
13,AMKADIQHV,52.44110870361328,52.44110760591444
14,RPPIFIRRLH,33528.6171875,33528.589190365936
15,GHQAAMQML,17739.978515625,17739.963663642822
16,GLIMVLSFL,5565.849609375,5565.849576080447
17,SNVSAALAAL,561.4332885742188,561.4327594888737
18,LFNWAVKTKL,20629.3515625,20629.337276646056
19,SMNATLVQA,553.8529663085938,553.8527629762431
20,SLFNAVAVL,34.61214828491211,34.61214108033713
21,LWEWASVRF,4734.45849609375,4734.45673732987
22,LFLNTLSFV,16618.791015625,16618.787416268962
23,TPGPGIRYPL,17842.119140625,17842.124830513487
24,FISGIQYLA,6403.2666015625,6403.264868132468
25,NMIIMDEAHF,36.93704605102539,36.937047211990624
26,CQTYKWETF,657.3341674804688,657.3344005816616
27,QMWKCLIRL,3606.859619140625,3606.856100747719
28,CPRRPAVAF,2736.44091796875,2736.4407048560474
29,SLNFLGGTTV,1111.1800537109375,1111.1792162536988
30,SPKRLATAI,16752.376953125,16752.37438208774
31,FAFSDLCIVY,77.88691711425781,77.88689196799426
32,AVCTRGVAK,12544.677734375,12544.661127633395
33,KAKKTPMGF,340.1477355957031,340.1475497212339
34,GLMNNAFEWI,5685.892578125,5685.887586920938
35,AIRGSVTPAV,637.4666137695312,637.4664504010236
36,VTEHDTLLY,7366.7626953125,7366.757152466058
37,IPITAAAWYL,21959.203125,21959.192218284865
38,QRLHGLSAF,3083.23681640625,3083.2357951688195
39,IENSSVNVSL,304.883056640625,304.8828469563081
40,RDWAHNGL,22020.228515625,22020.194417170616
41,FYGMWPLLL,20665.109375,20665.103606787623
42,VLSDFKSWL,8311.5078125,8311.508352667945
43,NEGCGWMGW,20508.478515625,20508.45902562551
44,PTIAGAGDV,27698.1328125,27698.11675023361
45,FVRSSNLKF,90.55255889892578,90.55252515215726
46,LWLTDNTHI,6205.42431640625,6205.426378508461
47,LLDEQGVGPL,5842.5693359375,5842.569861118109
48,SLFNTVAVL,26.345794677734375,26.345783071325556
49,VLFGLLCLL,2532.97705078125,2532.9756884978606
