,peptide,torchMHC_prediction,MHCFlurry_prediction
0,RDAVILLM,29238.18359375,29238.161519926693
1,VYEAADMI,35314.4609375,35314.4591579403
2,RLLSPTTIV,13605.4755859375,13605.476392430528
3,LAYTIGTTHF,18763.455078125,18763.446553605572
4,FPVTPQVPV,24210.935546875,24210.92827152256
5,KSLFNTVATL,23990.861328125,23990.863697679397
6,GLVILLVLAL,22626.01171875,22626.00686345353
7,SLFGGMSWI,16188.9365234375,16188.939392174932
8,RDWAHNSL,26132.390625,26132.42005636167
9,TSAVLLLLVV,27977.9765625,27977.990698405447
10,MLVQSCTSI,21644.873046875,21644.868416974383
11,LLDAHIPQL,24157.08203125,24157.069841838093
12,SLYNTVAAL,18975.744140625,18975.738828729234
13,AMKADIQHV,25878.953125,25878.944962204514
14,RPPIFIRRLH,35675.94921875,35675.955292469
15,GHQAAMQML,24015.240234375,24015.241697474627
16,GLIMVLSFL,20600.765625,20600.768320711988
17,SNVSAALAAL,30729.671875,30729.68468254368
18,LFNWAVKTKL,32014.10546875,32014.102257998547
19,SMNATLVQA,22269.7890625,22269.790283673254
20,SLFNAVAVL,16452.86328125,16452.849280877148
21,LWEWASVRF,29697.45703125,29697.452527126927
22,LFLNTLSFV,29478.3515625,29478.33644507833
23,TPGPGIRYPL,26777.21875,26777.20853083375
24,FISGIQYLA,27965.9453125,27965.97012749632
25,NMIIMDEAHF,24546.48828125,24546.477957928353
26,CQTYKWETF,14127.2587890625,14127.244299023621
27,QMWKCLIRL,8154.23193359375,8154.230662152526
28,CPRRPAVAF,29522.32421875,29522.33141484423
29,SLNFLGGTTV,27357.1171875,27357.102766602977
30,SPKRLATAI,29729.44921875,29729.450748540352
31,FAFSDLCIVY,19866.08984375,19866.080069067077
32,AVCTRGVAK,27411.595703125,27411.580835165947
33,KAKKTPMGF,20686.4453125,20686.429090469366
34,GLMNNAFEWI,19422.51953125,19422.510562950858
35,AIRGSVTPAV,30603.0078125,30602.99779953547
36,VTEHDTLLY,30253.13671875,30253.132397953632
37,IPITAAAWYL,33518.00390625,33518.00629561112
38,QRLHGLSAF,5369.35888671875,5369.358769416026
39,IENSSVNVSL,27840.609375,27840.61458681092
40,RDWAHNGL,25879.767578125,25879.765925829983
41,FYGMWPLLL,19790.9609375,19790.956260827686
42,VLSDFKSWL,28651.482421875,28651.500810848676
43,NEGCGWMGW,28468.50390625,28468.507220067284
44,PTIAGAGDV,32970.546875,32970.574039770014
45,FVRSSNLKF,26975.861328125,26975.876974138057
46,LWLTDNTHI,22709.021484375,22709.021090965896
47,LLDEQGVGPL,31363.205078125,31363.196136370763
48,SLFNTVAVL,19718.37109375,19718.38124368422
49,VLFGLLCLL,21165.703125,21165.70563841781
