,peptide,torchMHC_prediction,MHCFlurry_prediction
0,RDAVILLM,12492.83984375,12492.829661338204
1,VYEAADMI,28834.150390625,28834.17339291994
2,RLLSPTTIV,11131.662109375,11131.658567331393
3,LAYTIGTTHF,3701.980712890625,3701.981016151492
4,FPVTPQVPV,243.3986053466797,243.39850341053454
5,KSLFNTVATL,10972.94921875,10972.955890545458
6,GLVILLVLAL,10846.5068359375,10846.503256581553
7,SLFGGMSWI,9424.60546875,9424.613606535717
8,RDWAHNSL,10324.6796875,10324.680084923832
9,TSAVLLLLVV,19981.6328125,19981.630215723646
10,MLVQSCTSI,9440.4921875,9440.499535441171
11,LLDAHIPQL,17235.43359375,17235.41731259633
12,SLYNTVAAL,5533.94970703125,5533.9474730306665
13,AMKADIQHV,17121.41015625,17121.41452444473
14,RPPIFIRRLH,16123.1611328125,16123.145183962915
15,GHQAAMQML,13470.0439453125,13470.043855115297
16,GLIMVLSFL,15120.662109375,15120.648827658802
17,SNVSAALAAL,14028.3388671875,14028.339115670962
18,LFNWAVKTKL,13486.4716796875,13486.478152048165
19,SMNATLVQA,20028.146484375,20028.144589324325
20,SLFNAVAVL,8892.9384765625,8892.941807047418
21,LWEWASVRF,9560.923828125,9560.920012941446
22,LFLNTLSFV,13707.0849609375,13707.076393701518
23,TPGPGIRYPL,846.7427368164062,846.7429348906386
24,FISGIQYLA,14930.0849609375,14930.084537361648
25,NMIIMDEAHF,16752.841796875,16752.849692272815
26,CQTYKWETF,7338.83349609375,7338.834791192526
27,QMWKCLIRL,12447.517578125,12447.518618260134
28,CPRRPAVAF,1715.378662109375,1715.3793056945754
29,SLNFLGGTTV,10645.6669921875,10645.673984785239
30,SPKRLATAI,2444.627685546875,2444.627274626729
31,FAFSDLCIVY,10734.71875,10734.722853691745
32,AVCTRGVAK,14818.9990234375,14818.98294278635
33,KAKKTPMGF,10374.4345703125,10374.41248561222
34,GLMNNAFEWI,11008.1875,11008.188051835277
35,AIRGSVTPAV,8841.447265625,8841.440608896073
36,VTEHDTLLY,12857.2763671875,12857.27749068662
37,IPITAAAWYL,1492.9393310546875,1492.9384351235483
38,QRLHGLSAF,7060.09716796875,7060.094548136831
39,IENSSVNVSL,294.37261962890625,294.3728288706298
40,RDWAHNGL,12384.8076171875,12384.799375633967
41,FYGMWPLLL,17587.677734375,17587.686220207197
42,VLSDFKSWL,12929.5029296875,12929.501683686405
43,NEGCGWMGW,99.26434326171875,99.2643651481307
44,PTIAGAGDV,24703.408203125,24703.404172871265
45,FVRSSNLKF,8627.0537109375,8627.056534773952
46,LWLTDNTHI,9646.6689453125,9646.668261044204
47,LLDEQGVGPL,21673.564453125,21673.550242674988
48,SLFNTVAVL,9951.8427734375,9951.849962856772
49,VLFGLLCLL,10346.572265625,10346.573039637402
