,peptide,torchMHC_prediction,MHCFlurry_prediction
0,RDAVILLM,29611.482421875,29611.461000840027
1,VYEAADMI,22216.587890625,22216.572479207916
2,RLLSPTTIV,2033.3553466796875,2033.355427302983
3,LAYTIGTTHF,3259.570556640625,3259.57224010351
4,FPVTPQVPV,29076.8203125,29076.82678765411
5,KSLFNTVATL,1991.1990966796875,1991.1982664446734
6,GLVILLVLAL,25282.6015625,25282.58492803902
7,SLFGGMSWI,2367.9326171875,2367.932524315971
8,RDWAHNSL,24750.97265625,24750.98284083316
9,TSAVLLLLVV,13119.78125,13119.785601966498
10,MLVQSCTSI,6348.4208984375,6348.421232306516
11,LLDAHIPQL,17500.125,17500.126331304924
12,SLYNTVAAL,4884.201171875,4884.200482133525
13,AMKADIQHV,3240.598388671875,3240.6023166353716
14,RPPIFIRRLH,5844.10205078125,5844.102799584181
15,GHQAAMQML,13116.115234375,13116.123230811912
16,GLIMVLSFL,4936.720703125,4936.723757977918
17,SNVSAALAAL,13507.8125,13507.816519475651
18,LFNWAVKTKL,5465.97314453125,5465.975634679219
19,SMNATLVQA,2319.307373046875,2319.307848581723
20,SLFNAVAVL,8397.267578125,8397.267072418683
21,LWEWASVRF,6640.27734375,6640.275044592862
22,LFLNTLSFV,3176.201416015625,3176.199290217031
23,TPGPGIRYPL,17030.037109375,17030.04171673765
24,FISGIQYLA,2126.736572265625,2126.7347028873196
25,NMIIMDEAHF,5230.30224609375,5230.305619770441
26,CQTYKWETF,5354.75927734375,5354.75831205404
27,QMWKCLIRL,6119.59765625,6119.601483000662
28,CPRRPAVAF,22871.814453125,22871.848758824744
29,SLNFLGGTTV,4247.4599609375,4247.460408021615
30,SPKRLATAI,26427.978515625,26427.991295790296
31,FAFSDLCIVY,262.456787109375,262.4567803798022
32,AVCTRGVAK,17222.681640625,17222.68673192377
33,KAKKTPMGF,6831.3525390625,6831.35304639796
34,GLMNNAFEWI,8541.8466796875,8541.848377844275
35,AIRGSVTPAV,704.3966064453125,704.3961660871596
36,VTEHDTLLY,821.1961669921875,821.1958492307351
37,IPITAAAWYL,18249.91015625,18249.938732425806
38,QRLHGLSAF,10345.9892578125,10345.989047361525
39,IENSSVNVSL,12793.2587890625,12793.25429623206
40,RDWAHNGL,21928.29296875,21928.274112322022
41,FYGMWPLLL,12245.7509765625,12245.75172012037
42,VLSDFKSWL,4641.76123046875,4641.75984970851
43,NEGCGWMGW,21094.708984375,21094.72327472983
44,PTIAGAGDV,3838.757080078125,3838.752384821729
45,FVRSSNLKF,6654.6494140625,6654.645153843896
46,LWLTDNTHI,5251.7900390625,5251.790026006611
47,LLDEQGVGPL,15079.5341796875,15079.515391627432
48,SLFNTVAVL,7095.845703125,7095.848395435584
49,VLFGLLCLL,2944.839599609375,2944.8390891293
