,peptide,torchMHC_prediction,MHCFlurry_prediction
0,RDAVILLM,26736.8515625,26736.856031826686
1,VYEAADMI,22766.3984375,22766.387372994
2,RLLSPTTIV,3501.18994140625,3501.18859397679
3,LAYTIGTTHF,9645.4814453125,9645.476593663461
4,FPVTPQVPV,1448.1136474609375,1448.1129143088315
5,KSLFNTVATL,9620.61328125,9620.609182912003
6,GLVILLVLAL,30229.86328125,30229.850527040773
7,SLFGGMSWI,3805.641357421875,3805.6413139699616
8,RDWAHNSL,8898.2490234375,8898.253145115721
9,TSAVLLLLVV,34002.80859375,34002.80006715048
10,MLVQSCTSI,1671.9107666015625,1671.9105545170783
11,LLDAHIPQL,969.6433715820312,969.6435125375857
12,SLYNTVAAL,2279.060791015625,2279.060974643761
13,AMKADIQHV,16136.63671875,16136.641149340365
14,RPPIFIRRLH,39424.08984375,39424.06832709215
15,GHQAAMQML,11170.1904296875,11170.18827772164
16,GLIMVLSFL,4720.83349609375,4720.833450112392
17,SNVSAALAAL,19248.08203125,19248.072149850937
18,LFNWAVKTKL,20465.787109375,20465.78635270212
19,SMNATLVQA,19333.1484375,19333.149025596358
20,SLFNAVAVL,1585.7799072265625,1585.7800869796079
21,LWEWASVRF,6230.24072265625,6230.236971635191
22,LFLNTLSFV,14260.3466796875,14260.34914125078
23,TPGPGIRYPL,24279.259765625,24279.264787294378
24,FISGIQYLA,1701.024169921875,1701.0246570696427
25,NMIIMDEAHF,33993.08203125,33993.08220710632
26,CQTYKWETF,24736.978515625,24736.961866646034
27,QMWKCLIRL,3173.558349609375,3173.5565340870435
28,CPRRPAVAF,14860.833984375,14860.826711005173
29,SLNFLGGTTV,29292.439453125,29292.43655039448
30,SPKRLATAI,8881.84375,8881.845238818829
31,FAFSDLCIVY,16240.9873046875,16240.993527548357
32,AVCTRGVAK,17562.705078125,17562.717390151403
33,KAKKTPMGF,6514.60693359375,6514.6032917238845
34,GLMNNAFEWI,32287.48046875,32287.50297260048
35,AIRGSVTPAV,31120.619140625,31120.622280531137
36,VTEHDTLLY,4067.405029296875,4067.4047662721687
37,IPITAAAWYL,29012.283203125,29012.29327462269
38,QRLHGLSAF,14444.5517578125,14444.555855439005
39,IENSSVNVSL,16098.0869140625,16098.08927660993
40,RDWAHNGL,13578.474609375,13578.479926155926
41,FYGMWPLLL,4925.02099609375,4925.021544335851
42,VLSDFKSWL,1984.0084228515625,1984.0084068757371
43,NEGCGWMGW,21845.072265625,21845.07698913792
44,PTIAGAGDV,4845.31396484375,4845.311827310517
45,FVRSSNLKF,7627.5048828125,7627.500120046736
46,LWLTDNTHI,6053.2587890625,6053.257020946984
47,LLDEQGVGPL,9140.41015625,9140.412356342254
48,SLFNTVAVL,2030.2822265625,2030.2818862715508
49,VLFGLLCLL,639.7745361328125,639.7745375858177
