,peptide,torchMHC_prediction,MHCFlurry_prediction
0,RDAVILLM,1668.1663818359375,1668.166588628928
1,VYEAADMI,19433.412109375,19433.425647034186
2,RLLSPTTIV,15392.5771484375,15392.573346579833
3,LAYTIGTTHF,22227.544921875,22227.523079789633
4,FPVTPQVPV,13281.4736328125,13281.476132380863
5,KSLFNTVATL,1453.76123046875,1453.7617019872052
6,GLVILLVLAL,6630.5009765625,6630.499317862658
7,SLFGGMSWI,15454.2958984375,15454.299460338718
8,RDWAHNSL,306.8767395019531,306.87656349316705
9,TSAVLLLLVV,5785.74658203125,5785.749867515259
10,MLVQSCTSI,8064.21435546875,8064.214492070179
11,LLDAHIPQL,13627.2392578125,13627.23520719368
12,SLYNTVAAL,13886.6064453125,13886.597262675652
13,AMKADIQHV,18675.265625,18675.267819141638
14,RPPIFIRRLH,29136.306640625,29136.306592975336
15,GHQAAMQML,4919.21875,4919.215809543364
16,GLIMVLSFL,8958.1494140625,8958.150336206741
17,SNVSAALAAL,9673.08984375,9673.082822620601
18,LFNWAVKTKL,16155.623046875,16155.626913339514
19,SMNATLVQA,19503.892578125,19503.887914343846
20,SLFNAVAVL,15227.806640625,15227.804349606069
21,LWEWASVRF,18541.900390625,18541.89046066762
22,LFLNTLSFV,15233.080078125,15233.087084164641
23,TPGPGIRYPL,11038.8642578125,11038.865244715378
24,FISGIQYLA,9672.1123046875,9672.104288626719
25,NMIIMDEAHF,23955.8359375,23955.825528566616
26,CQTYKWETF,1492.69873046875,1492.6985744201306
27,QMWKCLIRL,16101.0810546875,16101.083515715429
28,CPRRPAVAF,10282.181640625,10282.183345878786
29,SLNFLGGTTV,13128.6044921875,13128.617859986593
30,SPKRLATAI,7261.81884765625,7261.81852362552
31,FAFSDLCIVY,15827.2880859375,15827.291345484693
32,AVCTRGVAK,24842.087890625,24842.055010323398
33,KAKKTPMGF,17167.02734375,17167.043885235107
34,GLMNNAFEWI,17250.95703125,17250.949748141655
35,AIRGSVTPAV,9202.80859375,9202.807313487492
36,VTEHDTLLY,25817.375,25817.37268490687
37,IPITAAAWYL,14120.564453125,14120.570171848784
38,QRLHGLSAF,5101.9755859375,5101.973423640938
39,IENSSVNVSL,60.97526931762695,60.97526077753436
40,RDWAHNGL,508.48455810546875,508.4841932827461
41,FYGMWPLLL,15154.6455078125,15154.618013213016
42,VLSDFKSWL,16243.6982421875,16243.674738020303
43,NEGCGWMGW,12370.2177734375,12370.212830657514
44,PTIAGAGDV,19961.349609375,19961.34595744283
45,FVRSSNLKF,17652.5078125,17652.504254476295
46,LWLTDNTHI,15491.599609375,15491.574571436699
47,LLDEQGVGPL,18194.07421875,18194.062914173133
48,SLFNTVAVL,14925.572265625,14925.57708562882
49,VLFGLLCLL,7918.65283203125,7918.6479835604005
