,peptide,torchMHC_prediction,MHCFlurry_prediction
0,RDAVILLM,16140.9921875,16140.990380156907
1,VYEAADMI,31923.099609375,31923.098121043742
2,RLLSPTTIV,14531.3203125,14531.332188074124
3,LAYTIGTTHF,30982.65234375,30982.67633710134
4,FPVTPQVPV,29079.31640625,29079.33390137427
5,KSLFNTVATL,22849.423828125,22849.405499554738
6,GLVILLVLAL,29887.220703125,29887.191928958593
7,SLFGGMSWI,14387.962890625,14387.957600025313
8,RDWAHNSL,28848.755859375,28848.750854964914
9,TSAVLLLLVV,25803.712890625,25803.730977231913
10,MLVQSCTSI,24208.833984375,24208.85949475199
11,LLDAHIPQL,20411.015625,20411.027130724444
12,SLYNTVAAL,21443.09375,21443.077721336052
13,AMKADIQHV,23782.62890625,23782.647508008245
14,RPPIFIRRLH,31009.28515625,31009.269528214776
15,GHQAAMQML,30950.2265625,30950.242061391276
16,GLIMVLSFL,22177.46875,22177.466517282377
17,SNVSAALAAL,33043.51171875,33043.52869851487
18,LFNWAVKTKL,33223.37109375,33223.357547309
19,SMNATLVQA,23208.208984375,23208.20424652532
20,SLFNAVAVL,22451.58203125,22451.570075445954
21,LWEWASVRF,30390.029296875,30390.05227744881
22,LFLNTLSFV,22759.017578125,22759.01091017295
23,TPGPGIRYPL,30567.71484375,30567.70452766174
24,FISGIQYLA,20645.095703125,20645.085948866275
25,NMIIMDEAHF,27545.427734375,27545.41741650493
26,CQTYKWETF,24995.8203125,24995.79937220445
27,QMWKCLIRL,11588.1630859375,11588.157793509632
28,CPRRPAVAF,25406.595703125,25406.589020752075
29,SLNFLGGTTV,30171.107421875,30171.082820801832
30,SPKRLATAI,24997.25,24997.264793970873
31,FAFSDLCIVY,14044.6708984375,14044.67050302209
32,AVCTRGVAK,17759.19140625,17759.18592575809
33,KAKKTPMGF,11310.9287109375,11310.921096289772
34,GLMNNAFEWI,33153.04296875,33153.0540740929
35,AIRGSVTPAV,30030.474609375,30030.433072187054
36,VTEHDTLLY,19.157196044921875,19.15720031209025
37,IPITAAAWYL,29585.17578125,29585.164761836713
38,QRLHGLSAF,23456.6015625,23456.602953956473
39,IENSSVNVSL,34661.98046875,34661.96042311876
40,RDWAHNGL,29118.361328125,29118.36788502524
41,FYGMWPLLL,12716.7216796875,12716.715722462059
42,VLSDFKSWL,25561.431640625,25561.394816516793
43,NEGCGWMGW,15868.0185546875,15867.995578485661
44,PTIAGAGDV,15201.587890625,15201.590345410694
45,FVRSSNLKF,21260.765625,21260.74900423049
46,LWLTDNTHI,27784.458984375,27784.450229409696
47,LLDEQGVGPL,27299.3125,27299.322671406193
48,SLFNTVAVL,18538.82421875,18538.822731093584
49,VLFGLLCLL,13120.39453125,13120.379443589629
