,peptide,torchMHC_prediction,MHCFlurry_prediction
0,RDAVILLM,23782.0390625,23782.033111478315
1,VYEAADMI,29693.349609375,29693.359260417204
2,RLLSPTTIV,8797.77734375,8797.769505908469
3,LAYTIGTTHF,14555.3984375,14555.386902670994
4,FPVTPQVPV,537.9686889648438,537.9686966187288
5,KSLFNTVATL,3619.091552734375,3619.091717681064
6,GLVILLVLAL,13240.08203125,13240.066625849619
7,SLFGGMSWI,13794.8173828125,13794.817279681554
8,RDWAHNSL,14940.140625,14940.134704965885
9,TSAVLLLLVV,19891.0,19890.98466838637
10,MLVQSCTSI,595.7158813476562,595.7155478358833
11,LLDAHIPQL,6436.15576171875,6436.15675614839
12,SLYNTVAAL,571.8051147460938,571.8049902543165
13,AMKADIQHV,6894.853515625,6894.846681740046
14,RPPIFIRRLH,25472.05078125,25472.053860109183
15,GHQAAMQML,26121.40234375,26121.387927538184
16,GLIMVLSFL,10586.541015625,10586.545414927205
17,SNVSAALAAL,6862.224609375,6862.22317789507
18,LFNWAVKTKL,18199.455078125,18199.44144814267
19,SMNATLVQA,19014.783203125,19014.783123062665
20,SLFNAVAVL,3399.69873046875,3399.6970455826186
21,LWEWASVRF,26749.271484375,26749.265302571046
22,LFLNTLSFV,10819.0986328125,10819.101975016078
23,TPGPGIRYPL,133.66619873046875,133.66619661825678
24,FISGIQYLA,14349.279296875,14349.271861591324
25,NMIIMDEAHF,19129.716796875,19129.729750511717
26,CQTYKWETF,13528.7880859375,13528.788220296965
27,QMWKCLIRL,11017.5029296875,11017.495590872211
28,CPRRPAVAF,1014.2005004882812,1014.1998578911284
29,SLNFLGGTTV,21508.099609375,21508.084992101343
30,SPKRLATAI,29.976335525512695,29.976349999126
31,FAFSDLCIVY,18092.990234375,18092.98692868093
32,AVCTRGVAK,23061.556640625,23061.57060959398
33,KAKKTPMGF,11976.701171875,11976.69797853851
34,GLMNNAFEWI,9590.7041015625,9590.706396299694
35,AIRGSVTPAV,7662.6689453125,7662.670726235129
36,VTEHDTLLY,31104.86328125,31104.867129094815
37,IPITAAAWYL,7979.51171875,7979.508362208539
38,QRLHGLSAF,4876.92626953125,4876.927057250203
39,IENSSVNVSL,9401.6875,9401.68823026221
40,RDWAHNGL,24225.625,24225.6220951664
41,FYGMWPLLL,26316.98828125,26316.984274124363
42,VLSDFKSWL,5993.380859375,5993.379822199525
43,NEGCGWMGW,29017.623046875,29017.615853699095
44,PTIAGAGDV,28907.857421875,28907.84087669754
45,FVRSSNLKF,3796.832275390625,3796.8298829899873
46,LWLTDNTHI,15787.669921875,15787.685157381358
47,LLDEQGVGPL,19380.869140625,19380.860967229866
48,SLFNTVAVL,1493.86865234375,1493.8677752431456
49,VLFGLLCLL,10016.78125,10016.780359102266
