,peptide,torchMHC_prediction,MHCFlurry_prediction
0,RDAVILLM,22381.931640625,22381.943902396655
1,VYEAADMI,34488.2421875,34488.23898815846
2,RLLSPTTIV,23397.39453125,23397.394567453535
3,LAYTIGTTHF,418.0821228027344,418.0821483195431
4,FPVTPQVPV,41.09162521362305,41.091632289866205
5,KSLFNTVATL,19584.6171875,19584.606914918895
6,GLVILLVLAL,23613.2421875,23613.23206119532
7,SLFGGMSWI,21059.85546875,21059.839153747973
8,RDWAHNSL,27644.296875,27644.327869283698
9,TSAVLLLLVV,24801.32421875,24801.330690720824
10,MLVQSCTSI,9355.6337890625,9355.636681447211
11,LLDAHIPQL,17343.16796875,17343.170121496973
12,SLYNTVAAL,6407.48779296875,6407.487880460054
13,AMKADIQHV,32363.318359375,32363.29912601229
14,RPPIFIRRLH,22074.91796875,22074.908108793807
15,GHQAAMQML,31473.439453125,31473.43015622274
16,GLIMVLSFL,23561.435546875,23561.42929041286
17,SNVSAALAAL,27097.046875,27097.057061772815
18,LFNWAVKTKL,29564.47265625,29564.501057962745
19,SMNATLVQA,19659.224609375,19659.21706118988
20,SLFNAVAVL,10177.822265625,10177.823120993595
21,LWEWASVRF,4635.2275390625,4635.228721445919
22,LFLNTLSFV,27895.19921875,27895.190450355367
23,TPGPGIRYPL,2899.90869140625,2899.9083477190366
24,FISGIQYLA,6200.7509765625,6200.748029345049
25,NMIIMDEAHF,10046.7548828125,10046.758899804834
26,CQTYKWETF,12774.10546875,12774.119372997873
27,QMWKCLIRL,10756.98828125,10756.98898515429
28,CPRRPAVAF,32.85686111450195,32.85685934303996
29,SLNFLGGTTV,28830.822265625,28830.837197293386
30,SPKRLATAI,5389.0888671875,5389.085021627614
31,FAFSDLCIVY,7.561725616455078,7.561728605856319
32,AVCTRGVAK,22690.9453125,22690.938889193207
33,KAKKTPMGF,7457.80224609375,7457.800536455333
34,GLMNNAFEWI,34676.859375,34676.876123354625
35,AIRGSVTPAV,24246.1484375,24246.153184182815
36,VTEHDTLLY,1075.56640625,1075.5673022842147
37,IPITAAAWYL,1480.2691650390625,1480.2693597359305
38,QRLHGLSAF,4902.265625,4902.268469924088
39,IENSSVNVSL,22043.40234375,22043.41408006512
40,RDWAHNGL,31602.107421875,31602.12602176665
41,FYGMWPLLL,12108.63671875,12108.632329948812
42,VLSDFKSWL,23654.013671875,23654.020195998455
43,NEGCGWMGW,23574.85546875,23574.852534418056
44,PTIAGAGDV,26697.28125,26697.273236168672
45,FVRSSNLKF,272.6773681640625,272.67734274181356
46,LWLTDNTHI,26289.5703125,26289.553828623466
47,LLDEQGVGPL,26325.798828125,26325.789340505708
48,SLFNTVAVL,9509.2275390625,9509.233950004053
49,VLFGLLCLL,18310.5078125,18310.499865086793
