,peptide,torchMHC_prediction,MHCFlurry_prediction
0,RDAVILLM,6768.28857421875,6768.285986449424
1,VYEAADMI,23976.22265625,23976.213962845533
2,RLLSPTTIV,817.6853637695312,817.6856266460366
3,LAYTIGTTHF,22.216373443603516,22.216371745673698
4,FPVTPQVPV,18625.943359375,18625.949155403407
5,KSLFNTVATL,828.6975708007812,828.6972157723217
6,GLVILLVLAL,437.50933837890625,437.5090594372419
7,SLFGGMSWI,4575.68017578125,4575.682019986599
8,RDWAHNSL,5874.5224609375,5874.520625617986
9,TSAVLLLLVV,3903.755615234375,3903.755630538243
10,MLVQSCTSI,161.52371215820312,161.52364763842078
11,LLDAHIPQL,4137.876953125,4137.875201515862
12,SLYNTVAAL,93.94493865966797,93.94495406880776
13,AMKADIQHV,309.93377685546875,309.9339309009677
14,RPPIFIRRLH,22664.798828125,22664.80178230285
15,GHQAAMQML,18603.716796875,18603.709382927664
16,GLIMVLSFL,2468.617919921875,2468.618758143074
17,SNVSAALAAL,592.93408203125,592.9337218859811
18,LFNWAVKTKL,9145.240234375,9145.236880572362
19,SMNATLVQA,1102.5989990234375,1102.5990989678153
20,SLFNAVAVL,114.33468627929688,114.33476214231422
21,LWEWASVRF,4498.880859375,4498.878167519868
22,LFLNTLSFV,14018.9912109375,14018.992365533
23,TPGPGIRYPL,13555.6767578125,13555.682953673677
24,FISGIQYLA,9958.35546875,9958.353860556079
25,NMIIMDEAHF,22.352941513061523,22.35294261702187
26,CQTYKWETF,467.0528564453125,467.052999654402
27,QMWKCLIRL,3179.092529296875,3179.0923787441034
28,CPRRPAVAF,5062.0830078125,5062.082923798492
29,SLNFLGGTTV,610.7045288085938,610.7043418364426
30,SPKRLATAI,16879.1484375,16879.13714227013
31,FAFSDLCIVY,45.259483337402344,45.25947691295629
32,AVCTRGVAK,8781.7666015625,8781.770766248235
33,KAKKTPMGF,302.8494567871094,302.8497663805636
34,GLMNNAFEWI,4311.75634765625,4311.7558914827305
35,AIRGSVTPAV,353.3916931152344,353.39158059854014
36,VTEHDTLLY,4933.458984375,4933.463742179954
37,IPITAAAWYL,17113.4921875,17113.493509873664
38,QRLHGLSAF,3029.928955078125,3029.9248099955166
39,IENSSVNVSL,580.2373046875,580.2371493809096
40,RDWAHNGL,12175.4853515625,12175.482126829027
41,FYGMWPLLL,18509.658203125,18509.66219578915
42,VLSDFKSWL,7229.2802734375,7229.285513883309
43,NEGCGWMGW,16342.1943359375,16342.199648340664
44,PTIAGAGDV,17198.439453125,17198.43921542862
45,FVRSSNLKF,129.2461395263672,129.2462527248928
46,LWLTDNTHI,10415.27734375,10415.275326229425
47,LLDEQGVGPL,1120.747802734375,1120.7482988641816
48,SLFNTVAVL,117.53375244140625,117.53372403803236
49,VLFGLLCLL,1262.6624755859375,1262.6625083579431
