,peptide,torchMHC_prediction,MHCFlurry_prediction
0,RDAVILLM,19002.111328125,19002.10914066445
1,VYEAADMI,14151.2607421875,14151.247142537575
2,RLLSPTTIV,2261.054443359375,2261.054836374953
3,LAYTIGTTHF,4624.9482421875,4624.950120225593
4,FPVTPQVPV,4169.84130859375,4169.843824097011
5,KSLFNTVATL,8519.7822265625,8519.78430694852
6,GLVILLVLAL,31504.791015625,31504.77883387467
7,SLFGGMSWI,3887.939208984375,3887.9394350828693
8,RDWAHNSL,4963.2646484375,4963.265543209483
9,TSAVLLLLVV,33093.875,33093.88472530524
10,MLVQSCTSI,3997.447265625,3997.4470681471216
11,LLDAHIPQL,876.1852416992188,876.1856097825452
12,SLYNTVAAL,2211.789306640625,2211.788388317127
13,AMKADIQHV,18247.525390625,18247.51827340837
14,RPPIFIRRLH,37726.4765625,37726.488365014695
15,GHQAAMQML,13823.39453125,13823.40563426137
16,GLIMVLSFL,10122.25,10122.257459059143
17,SNVSAALAAL,13233.8076171875,13233.811516465126
18,LFNWAVKTKL,11117.4775390625,11117.47552773925
19,SMNATLVQA,22290.0390625,22290.04944894096
20,SLFNAVAVL,1961.8143310546875,1961.8153407681343
21,LWEWASVRF,4364.29638671875,4364.294993560373
22,LFLNTLSFV,13588.1123046875,13588.1064003801
23,TPGPGIRYPL,19216.498046875,19216.4907374956
24,FISGIQYLA,5402.97802734375,5402.978495503424
25,NMIIMDEAHF,27782.68359375,27782.666351675416
26,CQTYKWETF,21196.689453125,21196.69599940337
27,QMWKCLIRL,11499.9794921875,11499.975447274686
28,CPRRPAVAF,19191.64453125,19191.651124558583
29,SLNFLGGTTV,12957.326171875,12957.328917389457
30,SPKRLATAI,20450.27734375,20450.2762046362
31,FAFSDLCIVY,14924.291015625,14924.29672159129
32,AVCTRGVAK,11687.9755859375,11687.96979547094
33,KAKKTPMGF,2942.54052734375,2942.5397861060605
34,GLMNNAFEWI,20578.990234375,20578.994581626655
35,AIRGSVTPAV,29822.361328125,29822.364839642087
36,VTEHDTLLY,5078.82373046875,5078.826135949593
37,IPITAAAWYL,18839.912109375,18839.91511908185
38,QRLHGLSAF,14114.4921875,14114.495130586472
39,IENSSVNVSL,7231.8388671875,7231.83802626067
40,RDWAHNGL,7281.96533203125,7281.967660775446
41,FYGMWPLLL,4713.19482421875,4713.197298749858
42,VLSDFKSWL,1647.7838134765625,1647.784426525705
43,NEGCGWMGW,19820.8046875,19820.814327273016
44,PTIAGAGDV,8877.8466796875,8877.848901507541
45,FVRSSNLKF,5019.84521484375,5019.848774130493
46,LWLTDNTHI,10544.78515625,10544.786841683137
47,LLDEQGVGPL,701.765869140625,701.7658322930242
48,SLFNTVAVL,2926.8759765625,2926.8762657514076
49,VLFGLLCLL,4048.5234375,4048.525466080227
