,peptide,torchMHC_prediction,MHCFlurry_prediction
0,RDAVILLM,18170.40625,18170.394618195856
1,VYEAADMI,26105.7890625,26105.781754350948
2,RLLSPTTIV,8632.501953125,8632.509390230849
3,LAYTIGTTHF,14766.3359375,14766.33601907339
4,FPVTPQVPV,5779.90087890625,5779.895547172935
5,KSLFNTVATL,4540.46630859375,4540.464407663437
6,GLVILLVLAL,5748.02978515625,5748.026880259867
7,SLFGGMSWI,18242.56640625,18242.57105620156
8,RDWAHNSL,12095.826171875,12095.816306111437
9,TSAVLLLLVV,13505.5068359375,13505.509307509645
10,MLVQSCTSI,516.7423095703125,516.742376682823
11,LLDAHIPQL,6256.79638671875,6256.797617962357
12,SLYNTVAAL,809.4047241210938,809.4043756454784
13,AMKADIQHV,6711.705078125,6711.706477314793
14,RPPIFIRRLH,20372.822265625,20372.819358636658
15,GHQAAMQML,23799.44140625,23799.42201966871
16,GLIMVLSFL,7572.97021484375,7572.968778814766
17,SNVSAALAAL,8720.6669921875,8720.666857361932
18,LFNWAVKTKL,7859.3603515625,7859.362901665703
19,SMNATLVQA,12538.1591796875,12538.164296728528
20,SLFNAVAVL,4305.0546875,4305.0539499515935
21,LWEWASVRF,25258.091796875,25258.10790120608
22,LFLNTLSFV,8373.7412109375,8373.736805442753
23,TPGPGIRYPL,542.2958374023438,542.2958908002361
24,FISGIQYLA,11270.560546875,11270.560973981535
25,NMIIMDEAHF,14276.662109375,14276.670418445663
26,CQTYKWETF,14032.3671875,14032.370487928816
27,QMWKCLIRL,4556.107421875,4556.106301389595
28,CPRRPAVAF,2300.19970703125,2300.1999245898896
29,SLNFLGGTTV,11479.8505859375,11479.850379037136
30,SPKRLATAI,26.8125057220459,26.812512839834266
31,FAFSDLCIVY,20194.837890625,20194.829833374926
32,AVCTRGVAK,20481.759765625,20481.75142716574
33,KAKKTPMGF,9674.3447265625,9674.355424431218
34,GLMNNAFEWI,9022.4091796875,9022.41668021979
35,AIRGSVTPAV,7447.97216796875,7447.978886399031
36,VTEHDTLLY,30912.291015625,30912.28103444823
37,IPITAAAWYL,7429.44970703125,7429.450321184415
38,QRLHGLSAF,8904.0380859375,8904.03707555903
39,IENSSVNVSL,5137.08447265625,5137.081277717861
40,RDWAHNGL,20594.814453125,20594.817066259006
41,FYGMWPLLL,16845.201171875,16845.19025498144
42,VLSDFKSWL,6436.8798828125,6436.8823651015955
43,NEGCGWMGW,30253.05078125,30253.067426472193
44,PTIAGAGDV,28892.669921875,28892.687348355164
45,FVRSSNLKF,2177.9609375,2177.9620040826226
46,LWLTDNTHI,16257.4599609375,16257.4625240269
47,LLDEQGVGPL,10411.59375,10411.582103119941
48,SLFNTVAVL,2042.092529296875,2042.0920855474808
49,VLFGLLCLL,8426.734375,8426.742494371663
