,peptide,torchMHC_prediction,MHCFlurry_prediction
0,RDAVILLM,31652.9609375,31652.97589472241
1,VYEAADMI,34876.84765625,34876.84715492069
2,RLLSPTTIV,368.2687683105469,368.2688891110687
3,LAYTIGTTHF,31420.0859375,31420.097707148703
4,FPVTPQVPV,18257.96875,18257.973149704005
5,KSLFNTVATL,183.73190307617188,183.73197588786317
6,GLVILLVLAL,4142.82421875,4142.8245099460155
7,SLFGGMSWI,35.20732879638672,35.20733044896816
8,RDWAHNSL,31808.986328125,31809.016243388287
9,TSAVLLLLVV,15431.115234375,15431.112000622901
10,MLVQSCTSI,406.6363525390625,406.6363560155938
11,LLDAHIPQL,32.184906005859375,32.18490211190351
12,SLYNTVAAL,86.1903076171875,86.19030434247715
13,AMKADIQHV,527.147216796875,527.1476342560372
14,RPPIFIRRLH,34296.37109375,34296.41780301952
15,GHQAAMQML,22007.232421875,22007.22937818844
16,GLIMVLSFL,420.7041015625,420.70408842382966
17,SNVSAALAAL,9696.900390625,9696.903517813724
18,LFNWAVKTKL,19776.904296875,19776.91003992548
19,SMNATLVQA,746.900146484375,746.8997258753437
20,SLFNAVAVL,56.415283203125,56.41530235283177
21,LWEWASVRF,27247.759765625,27247.78970480111
22,LFLNTLSFV,4844.3251953125,4844.324227249261
23,TPGPGIRYPL,19252.96484375,19252.953651209787
24,FISGIQYLA,1088.8968505859375,1088.8967971374243
25,NMIIMDEAHF,21639.9609375,21639.961195305244
26,CQTYKWETF,25327.3671875,25327.398707534838
27,QMWKCLIRL,648.885009765625,648.8847482763914
28,CPRRPAVAF,32984.4765625,32984.46808374876
29,SLNFLGGTTV,1408.76904296875,1408.769787524844
30,SPKRLATAI,24374.751953125,24374.774159071898
31,FAFSDLCIVY,13471.85546875,13471.849640780993
32,AVCTRGVAK,28643.50390625,28643.50739962812
33,KAKKTPMGF,29581.931640625,29581.921570097442
34,GLMNNAFEWI,669.4435424804688,669.4435389245118
35,AIRGSVTPAV,1883.8590087890625,1883.8591063267547
36,VTEHDTLLY,29451.375,29451.40726549234
37,IPITAAAWYL,13221.7724609375,13221.768204889215
38,QRLHGLSAF,27433.82421875,27433.797169422294
39,IENSSVNVSL,15466.9755859375,15466.973142025614
40,RDWAHNGL,32144.00390625,32144.01873372286
41,FYGMWPLLL,7599.98583984375,7599.9878214998
42,VLSDFKSWL,151.80638122558594,151.8064033908686
43,NEGCGWMGW,29483.720703125,29483.69865955749
44,PTIAGAGDV,23935.9453125,23935.929796179567
45,FVRSSNLKF,24518.810546875,24518.807270315723
46,LWLTDNTHI,18961.291015625,18961.28257194956
47,LLDEQGVGPL,2062.841552734375,2062.840829182153
48,SLFNTVAVL,123.39028930664062,123.39035135199086
49,VLFGLLCLL,97.3465805053711,97.34663524709997
