,peptide,torchMHC_prediction,MHCFlurry_prediction
0,RDAVILLM,11306.572265625,11306.569849607951
1,VYEAADMI,35292.171875,35292.15967794194
2,RLLSPTTIV,34352.05078125,34352.06846203652
3,LAYTIGTTHF,15393.8544921875,15393.866781503224
4,FPVTPQVPV,38532.03125,38532.04244707612
5,KSLFNTVATL,23833.73828125,23833.74699156837
6,GLVILLVLAL,14588.7373046875,14588.738807066311
7,SLFGGMSWI,12671.251953125,12671.25062013776
8,RDWAHNSL,11310.2822265625,11310.291157719512
9,TSAVLLLLVV,17123.58203125,17123.596402107385
10,MLVQSCTSI,27563.033203125,27563.016197008692
11,LLDAHIPQL,35416.21484375,35416.19358354783
12,SLYNTVAAL,23060.390625,23060.36408409498
13,AMKADIQHV,29934.087890625,29934.096947546408
14,RPPIFIRRLH,36586.54296875,36586.513913359886
15,GHQAAMQML,22191.9609375,22191.965780991708
16,GLIMVLSFL,18347.076171875,18347.049275939557
17,SNVSAALAAL,18987.474609375,18987.475365234382
18,LFNWAVKTKL,28372.44921875,28372.46737663615
19,SMNATLVQA,29439.609375,29439.609097952252
20,SLFNAVAVL,21915.0390625,21915.035528607816
21,LWEWASVRF,20466.080078125,20466.059517390673
22,LFLNTLSFV,28281.11328125,28281.076958732967
23,TPGPGIRYPL,35370.91796875,35370.92062694715
24,FISGIQYLA,35777.3828125,35777.3657791312
25,NMIIMDEAHF,19252.947265625,19252.928759138424
26,CQTYKWETF,6761.28857421875,6761.285035689447
27,QMWKCLIRL,15262.19140625,15262.19109944103
28,CPRRPAVAF,29019.615234375,29019.608190384333
29,SLNFLGGTTV,21278.494140625,21278.493643747664
30,SPKRLATAI,30425.205078125,30425.183819280024
31,FAFSDLCIVY,8375.498046875,8375.494196356523
32,AVCTRGVAK,37357.921875,37357.91037927539
33,KAKKTPMGF,26926.025390625,26926.04480158782
34,GLMNNAFEWI,18265.388671875,18265.383793440546
35,AIRGSVTPAV,33841.18359375,33841.200001914585
36,VTEHDTLLY,17292.44921875,17292.450034868707
37,IPITAAAWYL,22928.181640625,22928.191168697806
38,QRLHGLSAF,8534.75390625,8534.752706280296
39,IENSSVNVSL,1479.8731689453125,1479.8732143262034
40,RDWAHNGL,11225.55078125,11225.552269949585
41,FYGMWPLLL,23413.734375,23413.715025783862
42,VLSDFKSWL,23747.56640625,23747.55844113977
43,NEGCGWMGW,30.7962589263916,30.79625649382031
44,PTIAGAGDV,36119.421875,36119.412251891554
45,FVRSSNLKF,22553.517578125,22553.51706396618
46,LWLTDNTHI,26018.201171875,26018.209536421986
47,LLDEQGVGPL,37313.8046875,37313.7994843273
48,SLFNTVAVL,21548.072265625,21548.05794334055
49,VLFGLLCLL,20597.91796875,20597.89583397276
