,peptide,torchMHC_prediction,MHCFlurry_prediction
0,RDAVILLM,22272.9765625,22272.948327483322
1,VYEAADMI,30841.943359375,30841.919831142804
2,RLLSPTTIV,5220.45556640625,5220.4520735153
3,LAYTIGTTHF,9816.1650390625,9816.157069806051
4,FPVTPQVPV,5216.8173828125,5216.817874165027
5,KSLFNTVATL,9920.751953125,9920.758911996756
6,GLVILLVLAL,16042.958984375,16042.95582535188
7,SLFGGMSWI,7476.873046875,7476.876601151096
8,RDWAHNSL,19029.931640625,19029.916308851865
9,TSAVLLLLVV,14779.001953125,14778.98716057437
10,MLVQSCTSI,7280.4443359375,7280.434143865047
11,LLDAHIPQL,9711.40234375,9711.404937320292
12,SLYNTVAAL,5540.3818359375,5540.3840309946545
13,AMKADIQHV,10001.193359375,10001.185020975057
14,RPPIFIRRLH,12097.92578125,12097.913743049467
15,GHQAAMQML,14830.6630859375,14830.654348911447
16,GLIMVLSFL,11514.5751953125,11514.57119018492
17,SNVSAALAAL,15401.5341796875,15401.529450918208
18,LFNWAVKTKL,22662.18359375,22662.165464797214
19,SMNATLVQA,14123.7294921875,14123.744375167093
20,SLFNAVAVL,7815.5009765625,7815.497359563443
21,LWEWASVRF,26212.4375,26212.42287173746
22,LFLNTLSFV,16748.783203125,16748.797020963368
23,TPGPGIRYPL,6299.92431640625,6299.918649165265
24,FISGIQYLA,17027.650390625,17027.6557358354
25,NMIIMDEAHF,19841.41796875,19841.409955557156
26,CQTYKWETF,12093.95703125,12093.938835220351
27,QMWKCLIRL,9593.859375,9593.850476532083
28,CPRRPAVAF,1168.052001953125,1168.0525604070888
29,SLNFLGGTTV,15074.9765625,15074.977805747563
30,SPKRLATAI,346.71514892578125,346.71515043386086
31,FAFSDLCIVY,19847.228515625,19847.220946793397
32,AVCTRGVAK,16405.169921875,16405.169655311063
33,KAKKTPMGF,14684.2119140625,14684.21056253006
34,GLMNNAFEWI,15527.66015625,15527.650598921764
35,AIRGSVTPAV,8541.4638671875,8541.460246029286
36,VTEHDTLLY,23497.6640625,23497.65001559359
37,IPITAAAWYL,7872.39794921875,7872.398129581477
38,QRLHGLSAF,12199.4404296875,12199.440865232766
39,IENSSVNVSL,16338.6884765625,16338.689077826333
40,RDWAHNGL,21498.111328125,21498.12709644314
41,FYGMWPLLL,19439.826171875,19439.819780315305
42,VLSDFKSWL,11940.1728515625,11940.17973609926
43,NEGCGWMGW,9336.6572265625,9336.651580650587
44,PTIAGAGDV,21064.333984375,21064.316321308965
45,FVRSSNLKF,11123.9677734375,11123.965471983376
46,LWLTDNTHI,19867.927734375,19867.922012956067
47,LLDEQGVGPL,16575.927734375,16575.91881115356
48,SLFNTVAVL,6356.10888671875,6356.109914740218
49,VLFGLLCLL,11316.9384765625,11316.949807014898
