,peptide,torchMHC_prediction,MHCFlurry_prediction
0,RDAVILLM,11005.2275390625,11005.2392506491
1,VYEAADMI,19798.078125,19798.078004764935
2,RLLSPTTIV,22942.6171875,22942.60302801425
3,LAYTIGTTHF,23753.91015625,23753.91033552693
4,FPVTPQVPV,19884.4765625,19884.46010805907
5,KSLFNTVATL,10111.6083984375,10111.612529755577
6,GLVILLVLAL,8436.5439453125,8436.536193490709
7,SLFGGMSWI,14848.650390625,14848.656947634881
8,RDWAHNSL,4490.83447265625,4490.835114432375
9,TSAVLLLLVV,19203.3984375,19203.410914693377
10,MLVQSCTSI,14870.431640625,14870.433762751562
11,LLDAHIPQL,18164.48046875,18164.464045216584
12,SLYNTVAAL,15528.9482421875,15528.94252686939
13,AMKADIQHV,27934.2265625,27934.20264607526
14,RPPIFIRRLH,34677.125,34677.1211610319
15,GHQAAMQML,17419.94921875,17419.944548403266
16,GLIMVLSFL,7625.93408203125,7625.927110577087
17,SNVSAALAAL,10370.7744140625,10370.775867053213
18,LFNWAVKTKL,23721.0390625,23721.04433713192
19,SMNATLVQA,30002.537109375,30002.543947889233
20,SLFNAVAVL,13116.177734375,13116.17599870795
21,LWEWASVRF,18074.193359375,18074.184120221253
22,LFLNTLSFV,25174.8125,25174.801893639633
23,TPGPGIRYPL,19443.29296875,19443.27242041149
24,FISGIQYLA,29072.2734375,29072.255929768722
25,NMIIMDEAHF,31190.0859375,31190.058860736033
26,CQTYKWETF,11138.3837890625,11138.381231478834
27,QMWKCLIRL,12768.015625,12768.007874331848
28,CPRRPAVAF,16870.19921875,16870.186100990548
29,SLNFLGGTTV,18940.12890625,18940.132009748264
30,SPKRLATAI,15650.4892578125,15650.487783297702
31,FAFSDLCIVY,25560.310546875,25560.300727410366
32,AVCTRGVAK,32201.80859375,32201.801240507637
33,KAKKTPMGF,26864.3125,26864.317630506295
34,GLMNNAFEWI,18868.734375,18868.741172246147
35,AIRGSVTPAV,22911.896484375,22911.89495685905
36,VTEHDTLLY,30185.037109375,30185.033689043084
37,IPITAAAWYL,16075.703125,16075.707488343598
38,QRLHGLSAF,18713.2578125,18713.268096699943
39,IENSSVNVSL,14.175106048583984,14.17510953607259
40,RDWAHNGL,6993.9873046875,6993.989907557779
41,FYGMWPLLL,18043.8125,18043.822925252374
42,VLSDFKSWL,21265.349609375,21265.344697503162
43,NEGCGWMGW,6738.46240234375,6738.466429151521
44,PTIAGAGDV,26824.12109375,26824.12858597191
45,FVRSSNLKF,25191.0234375,25191.02684907245
46,LWLTDNTHI,15360.4775390625,15360.46246388481
47,LLDEQGVGPL,14855.349609375,14855.345143006323
48,SLFNTVAVL,15110.138671875,15110.134258617842
49,VLFGLLCLL,15899.677734375,15899.678675947203
