,peptide,torchMHC_prediction,MHCFlurry_prediction
0,RDAVILLM,14244.4306640625,14244.429689350927
1,VYEAADMI,24004.935546875,24004.92617657727
2,RLLSPTTIV,7608.41943359375,7608.4200720935105
3,LAYTIGTTHF,10906.85546875,10906.850371644514
4,FPVTPQVPV,23890.720703125,23890.71317002822
5,KSLFNTVATL,2638.91796875,2638.918531014486
6,GLVILLVLAL,12674.3828125,12674.367099491472
7,SLFGGMSWI,7151.0009765625,7151.006502831268
8,RDWAHNSL,13268.2568359375,13268.261403472306
9,TSAVLLLLVV,14100.541015625,14100.538983870594
10,MLVQSCTSI,15682.537109375,15682.522562936327
11,LLDAHIPQL,16231.44921875,16231.46387204642
12,SLYNTVAAL,6351.37646484375,6351.374155915114
13,AMKADIQHV,9915.0859375,9915.091614861398
14,RPPIFIRRLH,8970.3232421875,8970.318941099973
15,GHQAAMQML,20652.541015625,20652.545538036302
16,GLIMVLSFL,6254.26708984375,6254.2700340997635
17,SNVSAALAAL,16137.775390625,16137.772100852313
18,LFNWAVKTKL,6015.47314453125,6015.474468379826
19,SMNATLVQA,4465.84130859375,4465.84124667949
20,SLFNAVAVL,7113.50244140625,7113.506594057435
21,LWEWASVRF,18542.890625,18542.9047036207
22,LFLNTLSFV,2329.072265625,2329.0715513268647
23,TPGPGIRYPL,14713.748046875,14713.757556039496
24,FISGIQYLA,7799.0458984375,7799.0476905452
25,NMIIMDEAHF,17815.1171875,17815.11952437433
26,CQTYKWETF,17769.0,17769.005119301946
27,QMWKCLIRL,2033.999267578125,2033.9976497791868
28,CPRRPAVAF,24485.931640625,24485.946743877306
29,SLNFLGGTTV,13681.5009765625,13681.500759393492
30,SPKRLATAI,22600.650390625,22600.64546603253
31,FAFSDLCIVY,15799.5693359375,15799.563183122764
32,AVCTRGVAK,311.7232971191406,311.7232478251835
33,KAKKTPMGF,8253.892578125,8253.886266507487
34,GLMNNAFEWI,13258.0234375,13258.014156405656
35,AIRGSVTPAV,16728.4296875,16728.4242487421
36,VTEHDTLLY,19988.6484375,19988.656768076875
37,IPITAAAWYL,16332.30078125,16332.302437530287
38,QRLHGLSAF,22281.771484375,22281.762086480318
39,IENSSVNVSL,21263.583984375,21263.57928014154
40,RDWAHNGL,12786.37890625,12786.384131844734
41,FYGMWPLLL,11261.224609375,11261.222227660757
42,VLSDFKSWL,7526.9033203125,7526.90340844871
43,NEGCGWMGW,23275.392578125,23275.38513324965
44,PTIAGAGDV,24837.4453125,24837.425383718546
45,FVRSSNLKF,17291.525390625,17291.52182525608
46,LWLTDNTHI,14591.4638671875,14591.45565660243
47,LLDEQGVGPL,23038.34375,23038.371101158547
48,SLFNTVAVL,6666.35595703125,6666.359124980494
49,VLFGLLCLL,2306.286376953125,2306.286182059809
