,peptide,torchMHC_prediction,MHCFlurry_prediction
0,RDAVILLM,18258.701171875,18258.675121714095
1,VYEAADMI,29540.43359375,29540.404588653375
2,RLLSPTTIV,5901.16552734375,5901.166102665417
3,LAYTIGTTHF,9470.0771484375,9470.075086564655
4,FPVTPQVPV,24416.60546875,24416.604140985983
5,KSLFNTVATL,15887.734375,15887.722106403797
6,GLVILLVLAL,5651.353515625,5651.356546198276
7,SLFGGMSWI,16612.07421875,16612.073745843332
8,RDWAHNSL,22189.46484375,22189.47641293887
9,TSAVLLLLVV,13820.4287109375,13820.423199401333
10,MLVQSCTSI,22855.677734375,22855.68430031639
11,LLDAHIPQL,22642.287109375,22642.29047013615
12,SLYNTVAAL,18111.7734375,18111.763975347774
13,AMKADIQHV,18473.453125,18473.44491021757
14,RPPIFIRRLH,17713.9609375,17713.95060642421
15,GHQAAMQML,12261.22265625,12261.230745521454
16,GLIMVLSFL,9371.501953125,9371.507975631072
17,SNVSAALAAL,16789.947265625,16789.94042523141
18,LFNWAVKTKL,21639.01171875,21639.03132486672
19,SMNATLVQA,15135.36328125,15135.361216099973
20,SLFNAVAVL,15729.9150390625,15729.933281437834
21,LWEWASVRF,18593.890625,18593.905617457858
22,LFLNTLSFV,17656.75,17656.73812555385
23,TPGPGIRYPL,17313.833984375,17313.836941794558
24,FISGIQYLA,22180.091796875,22180.101291597304
25,NMIIMDEAHF,9153.529296875,9153.528595485672
26,CQTYKWETF,6109.93505859375,6109.926850148375
27,QMWKCLIRL,3900.752197265625,3900.7508122168297
28,CPRRPAVAF,21609.150390625,21609.151585604905
29,SLNFLGGTTV,15532.666015625,15532.6567587399
30,SPKRLATAI,20723.271484375,20723.259081982847
31,FAFSDLCIVY,14897.1162109375,14897.114371137752
32,AVCTRGVAK,18535.076171875,18535.088117078736
33,KAKKTPMGF,16039.333984375,16039.338660650625
34,GLMNNAFEWI,14144.87890625,14144.873690421186
35,AIRGSVTPAV,25855.6640625,25855.66630129571
36,VTEHDTLLY,25661.330078125,25661.31786569309
37,IPITAAAWYL,18066.8515625,18066.86656775179
38,QRLHGLSAF,430.6409606933594,430.6407480254661
39,IENSSVNVSL,15222.85546875,15222.857710819279
40,RDWAHNGL,19447.615234375,19447.624065842116
41,FYGMWPLLL,10868.064453125,10868.07382537808
42,VLSDFKSWL,19036.556640625,19036.550449751157
43,NEGCGWMGW,22681.05859375,22681.04944829239
44,PTIAGAGDV,28541.822265625,28541.835171788447
45,FVRSSNLKF,22519.861328125,22519.877446166854
46,LWLTDNTHI,14209.0732421875,14209.073208264137
47,LLDEQGVGPL,17683.830078125,17683.830034259456
48,SLFNTVAVL,15123.546875,15123.545613842713
49,VLFGLLCLL,5258.5458984375,5258.5479259460635
