,peptide,torchMHC_prediction,MHCFlurry_prediction
0,RDAVILLM,33796.7421875,33796.76751727297
1,VYEAADMI,35904.83984375,35904.84269924049
2,RLLSPTTIV,61.14142990112305,61.14141976575745
3,LAYTIGTTHF,33147.12890625,33147.11160089591
4,FPVTPQVPV,9547.6201171875,9547.624334743106
5,KSLFNTVATL,726.1448364257812,726.1446026959196
6,GLVILLVLAL,3386.224853515625,3386.2245315546993
7,SLFGGMSWI,5.859330654144287,5.859330024841381
8,RDWAHNSL,31957.3984375,31957.428401548386
9,TSAVLLLLVV,17194.111328125,17194.106018417784
10,MLVQSCTSI,118.28687286376953,118.28685701263221
11,LLDAHIPQL,9.00739574432373,9.007398602489387
12,SLYNTVAAL,15.068800926208496,15.068800666538602
13,AMKADIQHV,54.11726379394531,54.11727441689923
14,RPPIFIRRLH,38044.7109375,38044.714103924845
15,GHQAAMQML,25689.5390625,25689.51779516305
16,GLIMVLSFL,80.98463439941406,80.9846393870629
17,SNVSAALAAL,19021.837890625,19021.843246810462
18,LFNWAVKTKL,25799.998046875,25800.00661860396
19,SMNATLVQA,127.77291107177734,127.77285355580872
20,SLFNAVAVL,9.723307609558105,9.723308182248562
21,LWEWASVRF,33529.16015625,33529.172346206586
22,LFLNTLSFV,378.0606994628906,378.0609335094164
23,TPGPGIRYPL,24472.765625,24472.76854927898
24,FISGIQYLA,143.19190979003906,143.19183409983356
25,NMIIMDEAHF,20538.658203125,20538.672308072346
26,CQTYKWETF,24215.021484375,24215.04921388344
27,QMWKCLIRL,257.6584167480469,257.6583769416483
28,CPRRPAVAF,35525.578125,35525.576104913634
29,SLNFLGGTTV,1098.1910400390625,1098.1910124930773
30,SPKRLATAI,28540.951171875,28540.91065210123
31,FAFSDLCIVY,11692.501953125,11692.50562070141
32,AVCTRGVAK,30189.5859375,30189.581383988112
33,KAKKTPMGF,33669.765625,33669.77535629033
34,GLMNNAFEWI,226.7173614501953,226.71730293405756
35,AIRGSVTPAV,3231.894775390625,3231.891369850842
36,VTEHDTLLY,29769.02734375,29769.04898952965
37,IPITAAAWYL,13048.2080078125,13048.213286431972
38,QRLHGLSAF,28085.818359375,28085.827860771984
39,IENSSVNVSL,21973.59375,21973.610278053005
40,RDWAHNGL,32368.966796875,32368.9531764318
41,FYGMWPLLL,7951.34423828125,7951.343300002555
42,VLSDFKSWL,33.61691665649414,33.6169219628387
43,NEGCGWMGW,30039.412109375,30039.37194193623
44,PTIAGAGDV,21305.68359375,21305.66144410963
45,FVRSSNLKF,27118.400390625,27118.40680859477
46,LWLTDNTHI,16684.94921875,16684.951764059086
47,LLDEQGVGPL,353.8516845703125,353.85147223922337
48,SLFNTVAVL,10.827943801879883,10.827946088001099
49,VLFGLLCLL,9.112883567810059,9.112883045618965
