,peptide,torchMHC_prediction,MHCFlurry_prediction
0,RDAVILLM,29806.78125,29806.767658731977
1,VYEAADMI,24610.830078125,24610.837185438842
2,RLLSPTTIV,21536.669921875,21536.669930587228
3,LAYTIGTTHF,4097.26220703125,4097.260238374006
4,FPVTPQVPV,230.83425903320312,230.83420464850914
5,KSLFNTVATL,22987.798828125,22987.7854500146
6,GLVILLVLAL,30551.306640625,30551.311043247933
7,SLFGGMSWI,20122.20703125,20122.219649464194
8,RDWAHNSL,28339.537109375,28339.53932127988
9,TSAVLLLLVV,16686.62109375,16686.613468833897
10,MLVQSCTSI,8038.0625,8038.064383793514
11,LLDAHIPQL,25373.1328125,25373.124168589187
12,SLYNTVAAL,24167.12890625,24167.13775005115
13,AMKADIQHV,25600.90625,25600.865791617027
14,RPPIFIRRLH,29995.212890625,29995.238506938484
15,GHQAAMQML,30757.583984375,30757.593916377886
16,GLIMVLSFL,25936.619140625,25936.62942531029
17,SNVSAALAAL,31313.892578125,31313.910749527222
18,LFNWAVKTKL,32110.26953125,32110.26655864725
19,SMNATLVQA,31735.17578125,31735.17733491932
20,SLFNAVAVL,27118.5546875,27118.536780168586
21,LWEWASVRF,27353.54296875,27353.55251268718
22,LFLNTLSFV,13108.150390625,13108.147147318708
23,TPGPGIRYPL,21752.583984375,21752.571807178865
24,FISGIQYLA,27565.951171875,27565.960938169766
25,NMIIMDEAHF,31247.009765625,31247.003625022975
26,CQTYKWETF,31593.791015625,31593.797228319992
27,QMWKCLIRL,25408.849609375,25408.876934868214
28,CPRRPAVAF,17310.6640625,17310.658901444735
29,SLNFLGGTTV,22720.005859375,22719.995782501774
30,SPKRLATAI,7579.8125,7579.8165489096755
31,FAFSDLCIVY,15723.765625,15723.762775078147
32,AVCTRGVAK,36231.99609375,36231.99076841782
33,KAKKTPMGF,27804.921875,27804.914184468696
34,GLMNNAFEWI,29096.79296875,29096.78559192199
35,AIRGSVTPAV,27325.384765625,27325.395189155075
36,VTEHDTLLY,32732.22265625,32732.20506866891
37,IPITAAAWYL,3539.66796875,3539.667479239169
38,QRLHGLSAF,28870.27734375,28870.28391935462
39,IENSSVNVSL,27781.650390625,27781.65096365753
40,RDWAHNGL,30942.228515625,30942.237891580415
41,FYGMWPLLL,21003.61328125,21003.615406964025
42,VLSDFKSWL,30474.978515625,30474.987086771667
43,NEGCGWMGW,32505.046875,32505.018997361596
44,PTIAGAGDV,29332.162109375,29332.19851959238
45,FVRSSNLKF,28185.125,28185.1294920013
46,LWLTDNTHI,18268.037109375,18268.027789721877
47,LLDEQGVGPL,33585.26171875,33585.29121721829
48,SLFNTVAVL,26329.966796875,26329.971104160337
49,VLFGLLCLL,20378.166015625,20378.16665557595
