,peptide,torchMHC_prediction,MHCFlurry_prediction
0,RDAVILLM,11335.560546875,11335.56444141778
1,VYEAADMI,520.8435668945312,520.8435878177847
2,RLLSPTTIV,5618.09033203125,5618.0883515143705
3,LAYTIGTTHF,822.2235107421875,822.2233959809303
4,FPVTPQVPV,18608.134765625,18608.14296770223
5,KSLFNTVATL,3601.8720703125,3601.871447865314
6,GLVILLVLAL,13195.1181640625,13195.110974188903
7,SLFGGMSWI,6007.84228515625,6007.841437354505
8,RDWAHNSL,14165.4794921875,14165.477437511136
9,TSAVLLLLVV,13325.7138671875,13325.710373562488
10,MLVQSCTSI,5949.57666015625,5949.574696234866
11,LLDAHIPQL,6339.94482421875,6339.940455946004
12,SLYNTVAAL,7120.73095703125,7120.731087045633
13,AMKADIQHV,14050.6318359375,14050.644757683398
14,RPPIFIRRLH,23797.580078125,23797.573441110515
15,GHQAAMQML,5682.89453125,5682.892672243431
16,GLIMVLSFL,8830.42578125,8830.419937931361
17,SNVSAALAAL,12596.86328125,12596.864397771971
18,LFNWAVKTKL,2164.293212890625,2164.294496113614
19,SMNATLVQA,20085.568359375,20085.570225558626
20,SLFNAVAVL,5423.0283203125,5423.030394544035
21,LWEWASVRF,97.12147521972656,97.12145409949564
22,LFLNTLSFV,1534.3800048828125,1534.3795492748122
23,TPGPGIRYPL,8962.0966796875,8962.096295081226
24,FISGIQYLA,13197.232421875,13197.226987627575
25,NMIIMDEAHF,4796.955078125,4796.951239557925
26,CQTYKWETF,447.79254150390625,447.7922397661044
27,QMWKCLIRL,2165.028076171875,2165.0275319485045
28,CPRRPAVAF,7536.162109375,7536.161217332701
29,SLNFLGGTTV,13003.00390625,13002.99948366787
30,SPKRLATAI,13659.0380859375,13659.040833248204
31,FAFSDLCIVY,21484.70703125,21484.69579862653
32,AVCTRGVAK,23366.734375,23366.715797372468
33,KAKKTPMGF,2092.694580078125,2092.693589193315
34,GLMNNAFEWI,4805.38916015625,4805.391996456284
35,AIRGSVTPAV,17621.474609375,17621.464110436584
36,VTEHDTLLY,14407.0068359375,14407.012189288198
37,IPITAAAWYL,5707.89599609375,5707.894817418581
38,QRLHGLSAF,3272.134521484375,3272.132250434604
39,IENSSVNVSL,17426.994140625,17426.998295236666
40,RDWAHNGL,17113.607421875,17113.605514959334
41,FYGMWPLLL,12.241730690002441,12.241725693347824
42,VLSDFKSWL,7647.37451171875,7647.375541872684
43,NEGCGWMGW,5382.88916015625,5382.883467381642
44,PTIAGAGDV,21878.369140625,21878.381054898127
45,FVRSSNLKF,4585.9423828125,4585.943363200262
46,LWLTDNTHI,191.63331604003906,191.6333232340743
47,LLDEQGVGPL,13190.111328125,13190.114962816682
48,SLFNTVAVL,5344.25,5344.249598964819
49,VLFGLLCLL,2454.330322265625,2454.3285359051206
