,peptide,torchMHC_prediction,MHCFlurry_prediction
0,RDAVILLM,39026.07421875,39026.08246007937
1,VYEAADMI,32510.099609375,32510.086407561528
2,RLLSPTTIV,56.841949462890625,56.84192253938779
3,LAYTIGTTHF,41131.43359375,41131.4573263145
4,FPVTPQVPV,8656.029296875,8656.029145192255
5,KSLFNTVATL,27875.306640625,27875.289224719323
6,GLVILLVLAL,27229.7578125,27229.769511014663
7,SLFGGMSWI,21.358856201171875,21.358847337538403
8,RDWAHNSL,33747.23828125,33747.22872962955
9,TSAVLLLLVV,38043.04296875,38043.050983241286
10,MLVQSCTSI,126.99468994140625,126.9946862844453
11,LLDAHIPQL,14.076905250549316,14.076905946345905
12,SLYNTVAAL,82.3258056640625,82.32580505898402
13,AMKADIQHV,72.98849487304688,72.98852211949637
14,RPPIFIRRLH,43150.53515625,43150.50168593187
15,GHQAAMQML,27353.4140625,27353.40158645545
16,GLIMVLSFL,290.4033508300781,290.40322950149385
17,SNVSAALAAL,35346.9765625,35346.990955050314
18,LFNWAVKTKL,37181.0625,37181.05508379268
19,SMNATLVQA,46.8680305480957,46.86805747184264
20,SLFNAVAVL,83.52086639404297,83.52083296861449
21,LWEWASVRF,33380.640625,33380.631948678754
22,LFLNTLSFV,330.7191467285156,330.7189667099911
23,TPGPGIRYPL,36866.7109375,36866.71355509516
24,FISGIQYLA,155.47715759277344,155.47711128270387
25,NMIIMDEAHF,33871.95703125,33871.96992941638
26,CQTYKWETF,27233.107421875,27233.1057385671
27,QMWKCLIRL,203.125244140625,203.12513173214674
28,CPRRPAVAF,32860.23828125,32860.22301592177
29,SLNFLGGTTV,6890.17333984375,6890.167567419643
30,SPKRLATAI,28440.4453125,28440.441582715568
31,FAFSDLCIVY,39260.83984375,39260.83349437986
32,AVCTRGVAK,29946.421875,29946.451517983474
33,KAKKTPMGF,34902.0703125,34902.052616141424
34,GLMNNAFEWI,2880.04833984375,2880.047697251761
35,AIRGSVTPAV,22023.609375,22023.608728760915
36,VTEHDTLLY,34897.14453125,34897.12436124051
37,IPITAAAWYL,29567.9140625,29567.904012871448
38,QRLHGLSAF,26397.44921875,26397.441628659126
39,IENSSVNVSL,34953.234375,34953.2401361825
40,RDWAHNGL,34900.5703125,34900.527029062054
41,FYGMWPLLL,23171.5859375,23171.61830371204
42,VLSDFKSWL,36.22246551513672,36.22245179223119
43,NEGCGWMGW,30505.07421875,30505.078064950387
44,PTIAGAGDV,15761.6142578125,15761.61850389182
45,FVRSSNLKF,25889.369140625,25889.38335859596
46,LWLTDNTHI,19662.09375,19662.086701128803
47,LLDEQGVGPL,1315.851806640625,1315.8505711204073
48,SLFNTVAVL,102.06120300292969,102.06120199563176
49,VLFGLLCLL,41.89775085449219,41.8977628133422
