,peptide,torchMHC_prediction,MHCFlurry_prediction
0,RDAVILLM,30010.921875,30010.908624165073
1,VYEAADMI,27110.255859375,27110.26093484529
2,RLLSPTTIV,11231.119140625,11231.102474121262
3,LAYTIGTTHF,31207.34375,31207.353126735186
4,FPVTPQVPV,488.83135986328125,488.831174309678
5,KSLFNTVATL,14472.36328125,14472.354981766472
6,GLVILLVLAL,15752.02734375,15752.013641015863
7,SLFGGMSWI,9883.498046875,9883.493449337884
8,RDWAHNSL,14828.8388671875,14828.837585951302
9,TSAVLLLLVV,26414.47265625,26414.482862755503
10,MLVQSCTSI,6734.3056640625,6734.308879344341
11,LLDAHIPQL,5808.60205078125,5808.6041128497645
12,SLYNTVAAL,680.7805786132812,680.7805914133943
13,AMKADIQHV,23957.80078125,23957.793695611737
14,RPPIFIRRLH,35715.3359375,35715.2869162705
15,GHQAAMQML,709.5111083984375,709.5115052571973
16,GLIMVLSFL,19514.794921875,19514.813788206684
17,SNVSAALAAL,8365.703125,8365.712475973292
18,LFNWAVKTKL,28136.916015625,28136.95630661476
19,SMNATLVQA,8048.302734375,8048.296178610824
20,SLFNAVAVL,2762.306884765625,2762.3081438882623
21,LWEWASVRF,19751.81640625,19751.818554544345
22,LFLNTLSFV,24162.357421875,24162.347721046466
23,TPGPGIRYPL,2101.00244140625,2101.0023648644096
24,FISGIQYLA,18744.890625,18744.885394787594
25,NMIIMDEAHF,31760.123046875,31760.128286263385
26,CQTYKWETF,17329.80859375,17329.79698778629
27,QMWKCLIRL,7470.4013671875,7470.399607501154
28,CPRRPAVAF,13665.669921875,13665.667030929273
29,SLNFLGGTTV,27373.716796875,27373.745527402734
30,SPKRLATAI,2860.937744140625,2860.9374149815603
31,FAFSDLCIVY,25606.66796875,25606.67811670815
32,AVCTRGVAK,23243.47265625,23243.467787491412
33,KAKKTPMGF,22938.5703125,22938.565954183345
34,GLMNNAFEWI,31794.306640625,31794.319491199432
35,AIRGSVTPAV,24021.05859375,24021.05253650464
36,VTEHDTLLY,28432.580078125,28432.58688221878
37,IPITAAAWYL,18001.427734375,18001.426949672907
38,QRLHGLSAF,1040.423828125,1040.4241712440257
39,IENSSVNVSL,9038.927734375,9038.924124304562
40,RDWAHNGL,25497.984375,25497.990619143966
41,FYGMWPLLL,2051.78271484375,2051.7828989716227
42,VLSDFKSWL,17748.37109375,17748.37260966386
43,NEGCGWMGW,13131.998046875,13132.012714334764
44,PTIAGAGDV,24304.51171875,24304.51574999383
45,FVRSSNLKF,19700.083984375,19700.076802289346
46,LWLTDNTHI,22973.16015625,22973.168333633486
47,LLDEQGVGPL,16998.0390625,16998.037556344716
48,SLFNTVAVL,1672.1044921875,1672.1026421583545
49,VLFGLLCLL,6156.4697265625,6156.467940158161
