,peptide,torchMHC_prediction,MHCFlurry_prediction
0,RDAVILLM,27270.896484375,27270.8970074711
1,VYEAADMI,23726.80859375,23726.7966923484
2,RLLSPTTIV,20699.015625,20699.01992267546
3,LAYTIGTTHF,28868.01953125,28868.00918115683
4,FPVTPQVPV,5087.39453125,5087.394177125846
5,KSLFNTVATL,17892.298828125,17892.296786123137
6,GLVILLVLAL,21907.703125,21907.68616985837
7,SLFGGMSWI,16427.68359375,16427.680872464276
8,RDWAHNSL,20062.345703125,20062.34552722165
9,TSAVLLLLVV,24353.072265625,24353.048183035942
10,MLVQSCTSI,13819.927734375,13819.92078932256
11,LLDAHIPQL,10521.099609375,10521.104737692154
12,SLYNTVAAL,4821.998046875,4821.9971471213485
13,AMKADIQHV,25101.3828125,25101.394721515768
14,RPPIFIRRLH,31065.5546875,31065.571668180404
15,GHQAAMQML,6574.19140625,6574.195089441976
16,GLIMVLSFL,23649.88671875,23649.857461681167
17,SNVSAALAAL,11428.662109375,11428.675352657514
18,LFNWAVKTKL,25885.24609375,25885.26514657686
19,SMNATLVQA,7773.9765625,7773.974122312287
20,SLFNAVAVL,9377.89453125,9377.894806657874
21,LWEWASVRF,24569.041015625,24569.048035666103
22,LFLNTLSFV,25092.8125,25092.802831882447
23,TPGPGIRYPL,5571.43115234375,5571.426518405967
24,FISGIQYLA,18204.279296875,18204.276810970383
25,NMIIMDEAHF,27554.912109375,27554.928989880293
26,CQTYKWETF,26590.890625,26590.903811249835
27,QMWKCLIRL,14941.6796875,14941.672022653924
28,CPRRPAVAF,21760.30078125,21760.291882141915
29,SLNFLGGTTV,24229.990234375,24229.990611355664
30,SPKRLATAI,12814.5419921875,12814.555555321609
31,FAFSDLCIVY,25816.66015625,25816.656678716987
32,AVCTRGVAK,26341.64453125,26341.663536077
33,KAKKTPMGF,23683.60546875,23683.5952303306
34,GLMNNAFEWI,30208.82421875,30208.81945586725
35,AIRGSVTPAV,26703.7734375,26703.7688540084
36,VTEHDTLLY,28606.923828125,28606.930342203097
37,IPITAAAWYL,16427.54296875,16427.55523045757
38,QRLHGLSAF,6480.7236328125,6480.726972135345
39,IENSSVNVSL,16187.6240234375,16187.633559623491
40,RDWAHNGL,24296.98046875,24296.97842379295
41,FYGMWPLLL,10220.638671875,10220.636085205704
42,VLSDFKSWL,18125.544921875,18125.548183303792
43,NEGCGWMGW,19218.568359375,19218.57479217316
44,PTIAGAGDV,21790.80859375,21790.802367711167
45,FVRSSNLKF,24732.072265625,24732.06400505129
46,LWLTDNTHI,25661.37890625,25661.370228499985
47,LLDEQGVGPL,13878.0673828125,13878.073168948818
48,SLFNTVAVL,7440.50390625,7440.50559966072
49,VLFGLLCLL,16730.248046875,16730.263925662868
