,peptide,torchMHC_prediction,MHCFlurry_prediction
0,RDAVILLM,25224.919921875,25224.923172079943
1,VYEAADMI,32745.7421875,32745.765816414172
2,RLLSPTTIV,14101.2001953125,14101.194659365294
3,LAYTIGTTHF,17029.6640625,17029.674353687897
4,FPVTPQVPV,10461.228515625,10461.2342629725
5,KSLFNTVATL,8397.63671875,8397.630868959122
6,GLVILLVLAL,15922.9404296875,15922.92498145006
7,SLFGGMSWI,23312.201171875,23312.205446417473
8,RDWAHNSL,18924.275390625,18924.253191069274
9,TSAVLLLLVV,20160.564453125,20160.549009236733
10,MLVQSCTSI,1295.5787353515625,1295.5785812803251
11,LLDAHIPQL,12807.052734375,12807.050159702643
12,SLYNTVAAL,2607.4697265625,2607.4702754489995
13,AMKADIQHV,13252.01953125,13252.031492983593
14,RPPIFIRRLH,27358.83984375,27358.84043506236
15,GHQAAMQML,29922.69921875,29922.716408811037
16,GLIMVLSFL,15911.525390625,15911.533976721274
17,SNVSAALAAL,11866.1708984375,11866.181460099186
18,LFNWAVKTKL,18006.337890625,18006.32623483613
19,SMNATLVQA,21514.458984375,21514.449956906934
20,SLFNAVAVL,7974.3310546875,7974.338913407711
21,LWEWASVRF,29245.015625,29245.00056789698
22,LFLNTLSFV,13226.603515625,13226.618866713647
23,TPGPGIRYPL,1344.654296875,1344.654825546515
24,FISGIQYLA,19996.2734375,19996.2583350649
25,NMIIMDEAHF,23337.359375,23337.363769187225
26,CQTYKWETF,20403.873046875,20403.84349414102
27,QMWKCLIRL,11590.0087890625,11590.002738050995
28,CPRRPAVAF,4526.1298828125,4526.129271123757
29,SLNFLGGTTV,21456.73828125,21456.73161256528
30,SPKRLATAI,321.8418273925781,321.8418802970855
31,FAFSDLCIVY,24001.08984375,24001.098019963076
32,AVCTRGVAK,28619.611328125,28619.625006380986
33,KAKKTPMGF,18856.017578125,18856.015993486028
34,GLMNNAFEWI,13272.736328125,13272.749279394255
35,AIRGSVTPAV,14847.9560546875,14847.946916718569
36,VTEHDTLLY,32665.0234375,32665.016485504035
37,IPITAAAWYL,13144.40234375,13144.403507984021
38,QRLHGLSAF,10104.3203125,10104.329029854636
39,IENSSVNVSL,9543.2509765625,9543.25568502984
40,RDWAHNGL,26053.83203125,26053.81965710064
41,FYGMWPLLL,20828.857421875,20828.849589406098
42,VLSDFKSWL,12359.369140625,12359.374090090054
43,NEGCGWMGW,31441.48828125,31441.502022126282
44,PTIAGAGDV,30401.16015625,30401.159449525097
45,FVRSSNLKF,8223.486328125,8223.493063901506
46,LWLTDNTHI,22082.9609375,22082.936009651265
47,LLDEQGVGPL,24501.95703125,24501.9875052759
48,SLFNTVAVL,5141.07373046875,5141.072318070924
49,VLFGLLCLL,12958.1787109375,12958.19140750284
