,peptide,torchMHC_prediction,MHCFlurry_prediction
0,RDAVILLM,32146.9765625,32146.992283342275
1,VYEAADMI,37635.7734375,37635.753552987626
2,RLLSPTTIV,78.1905288696289,78.1905588261859
3,LAYTIGTTHF,5166.42529296875,5166.42208113012
4,FPVTPQVPV,21386.869140625,21386.88487320937
5,KSLFNTVATL,420.3780212402344,420.3778502513019
6,GLVILLVLAL,20356.818359375,20356.81909341605
7,SLFGGMSWI,1798.5433349609375,1798.5440016274558
8,RDWAHNSL,4077.697265625,4077.692625703226
9,TSAVLLLLVV,27256.232421875,27256.25035227362
10,MLVQSCTSI,1668.4862060546875,1668.4855237636293
11,LLDAHIPQL,12966.1396484375,12966.132278593619
12,SLYNTVAAL,49.15266418457031,49.152641588656216
13,AMKADIQHV,17927.43359375,17927.421686476486
14,RPPIFIRRLH,40237.640625,40237.61262260158
15,GHQAAMQML,34286.7890625,34286.7953735584
16,GLIMVLSFL,21310.31640625,21310.32987852256
17,SNVSAALAAL,15627.4169921875,15627.428424061223
18,LFNWAVKTKL,26289.74609375,26289.748510263573
19,SMNATLVQA,19139.626953125,19139.628409840647
20,SLFNAVAVL,52.62159729003906,52.621601593681724
21,LWEWASVRF,12026.798828125,12026.79429540985
22,LFLNTLSFV,25248.38671875,25248.393421137767
23,TPGPGIRYPL,16797.732421875,16797.71724486793
24,FISGIQYLA,18337.92578125,18337.904378379302
25,NMIIMDEAHF,26932.060546875,26932.057238003537
26,CQTYKWETF,506.5572204589844,506.5571439074911
27,QMWKCLIRL,1185.3824462890625,1185.3823240899626
28,CPRRPAVAF,9511.7041015625,9511.703373077227
29,SLNFLGGTTV,2372.751953125,2372.75100458413
30,SPKRLATAI,9938.0244140625,9938.019105977262
31,FAFSDLCIVY,31959.2578125,31959.24667879291
32,AVCTRGVAK,17430.251953125,17430.270194179357
33,KAKKTPMGF,1833.854736328125,1833.8544782723193
34,GLMNNAFEWI,14204.83203125,14204.838047684221
35,AIRGSVTPAV,15038.302734375,15038.297788664866
36,VTEHDTLLY,12400.892578125,12400.885238659954
37,IPITAAAWYL,30293.931640625,30293.899412491526
38,QRLHGLSAF,974.57861328125,974.578578258703
39,IENSSVNVSL,14767.125,14767.13641441567
40,RDWAHNGL,10010.9267578125,10010.933490463889
41,FYGMWPLLL,8352.0556640625,8352.053337227619
42,VLSDFKSWL,16440.78515625,16440.780629588582
43,NEGCGWMGW,4234.9130859375,4234.916581205115
44,PTIAGAGDV,20248.525390625,20248.511655227805
45,FVRSSNLKF,11001.75390625,11001.75189778092
46,LWLTDNTHI,26871.76953125,26871.75841250686
47,LLDEQGVGPL,20583.640625,20583.654101703356
48,SLFNTVAVL,81.25493621826172,81.25494834925694
49,VLFGLLCLL,2190.251220703125,2190.251317242935
