,peptide,torchMHC_prediction,MHCFlurry_prediction
0,RDAVILLM,27661.466796875,27661.469863754628
1,VYEAADMI,17113.052734375,17113.05144614907
2,RLLSPTTIV,8563.91796875,8563.926181990639
3,LAYTIGTTHF,9810.0732421875,9810.063335768948
4,FPVTPQVPV,8909.517578125,8909.520231397513
5,KSLFNTVATL,14475.841796875,14475.84906694262
6,GLVILLVLAL,30886.625,30886.638362363858
7,SLFGGMSWI,12239.5166015625,12239.513687975836
8,RDWAHNSL,6090.78271484375,6090.784388540055
9,TSAVLLLLVV,30855.38671875,30855.39710245243
10,MLVQSCTSI,6689.32080078125,6689.312387774936
11,LLDAHIPQL,1047.469970703125,1047.47021043977
12,SLYNTVAAL,5211.8447265625,5211.843572019531
13,AMKADIQHV,17679.126953125,17679.145539544505
14,RPPIFIRRLH,40037.98046875,40037.96984200017
15,GHQAAMQML,15274.6259765625,15274.61613540379
16,GLIMVLSFL,18520.88671875,18520.88259727552
17,SNVSAALAAL,18325.513671875,18325.5142033474
18,LFNWAVKTKL,17777.55859375,17777.567526554376
19,SMNATLVQA,22166.072265625,22166.05609961132
20,SLFNAVAVL,6113.484375,6113.487053370055
21,LWEWASVRF,13467.333984375,13467.329964711513
22,LFLNTLSFV,21833.388671875,21833.396905725942
23,TPGPGIRYPL,17723.40625,17723.426824835104
24,FISGIQYLA,8642.8564453125,8642.84887850781
25,NMIIMDEAHF,31368.740234375,31368.759129109785
26,CQTYKWETF,18854.1640625,18854.163758720628
27,QMWKCLIRL,14282.177734375,14282.163542208149
28,CPRRPAVAF,19620.603515625,19620.601347470125
29,SLNFLGGTTV,18730.50390625,18730.514082107486
30,SPKRLATAI,20053.068359375,20053.065694727793
31,FAFSDLCIVY,19762.576171875,19762.5861008277
32,AVCTRGVAK,15028.740234375,15028.734459569345
33,KAKKTPMGF,7120.541015625,7120.547185205609
34,GLMNNAFEWI,22861.62890625,22861.644027538005
35,AIRGSVTPAV,27252.28125,27252.284717814164
36,VTEHDTLLY,12499.751953125,12499.744964587939
37,IPITAAAWYL,21061.220703125,21061.217951683695
38,QRLHGLSAF,14853.6357421875,14853.642184359815
39,IENSSVNVSL,9467.1337890625,9467.134807307903
40,RDWAHNGL,9221.9443359375,9221.955368792867
41,FYGMWPLLL,14218.8603515625,14218.841769358758
42,VLSDFKSWL,5322.16064453125,5322.1618094905025
43,NEGCGWMGW,24478.974609375,24478.974191120094
44,PTIAGAGDV,7477.4794921875,7477.47675655893
45,FVRSSNLKF,9857.9404296875,9857.938578284224
46,LWLTDNTHI,17553.8125,17553.812023350554
47,LLDEQGVGPL,1397.4346923828125,1397.4344877812264
48,SLFNTVAVL,6926.24365234375,6926.2453905275015
49,VLFGLLCLL,8290.5927734375,8290.589829760329
