,peptide,torchMHC_prediction,MHCFlurry_prediction
0,RDAVILLM,31239.7109375,31239.714108598782
1,VYEAADMI,24164.615234375,24164.617001133945
2,RLLSPTTIV,15322.0576171875,15322.049672701378
3,LAYTIGTTHF,32308.94921875,32308.90270179659
4,FPVTPQVPV,527.3473510742188,527.3475806078766
5,KSLFNTVATL,19683.068359375,19683.049715205998
6,GLVILLVLAL,15213.654296875,15213.643185622488
7,SLFGGMSWI,7757.68310546875,7757.674464681806
8,RDWAHNSL,18216.158203125,18216.156051310703
9,TSAVLLLLVV,23331.44140625,23331.459085426926
10,MLVQSCTSI,10027.16015625,10027.166819207428
11,LLDAHIPQL,7699.19921875,7699.203730586644
12,SLYNTVAAL,1160.6295166015625,1160.62893427052
13,AMKADIQHV,26031.7265625,26031.721415717024
14,RPPIFIRRLH,36705.47265625,36705.4805788094
15,GHQAAMQML,435.2921447753906,435.29177677720725
16,GLIMVLSFL,17856.33203125,17856.342936732646
17,SNVSAALAAL,5039.59326171875,5039.588961327456
18,LFNWAVKTKL,28584.724609375,28584.729118886826
19,SMNATLVQA,18327.92578125,18327.915920300096
20,SLFNAVAVL,4255.5322265625,4255.531898304099
21,LWEWASVRF,25985.26953125,25985.27287259031
22,LFLNTLSFV,26860.67578125,26860.652551485593
23,TPGPGIRYPL,455.9332275390625,455.9332604095915
24,FISGIQYLA,17314.181640625,17314.17507068356
25,NMIIMDEAHF,28313.064453125,28313.0678671621
26,CQTYKWETF,20050.697265625,20050.70112398561
27,QMWKCLIRL,10855.861328125,10855.852395625681
28,CPRRPAVAF,17149.845703125,17149.843230580624
29,SLNFLGGTTV,26491.365234375,26491.390306456407
30,SPKRLATAI,5680.17431640625,5680.171755705478
31,FAFSDLCIVY,22856.724609375,22856.714410415956
32,AVCTRGVAK,29157.09765625,29157.08083363114
33,KAKKTPMGF,27442.982421875,27442.99366344507
34,GLMNNAFEWI,29390.91015625,29390.933510538485
35,AIRGSVTPAV,26715.873046875,26715.889251300734
36,VTEHDTLLY,30774.279296875,30774.265118682037
37,IPITAAAWYL,9464.5341796875,9464.532649288429
38,QRLHGLSAF,782.3994750976562,782.4000045258591
39,IENSSVNVSL,10277.07421875,10277.072554210135
40,RDWAHNGL,27903.234375,27903.226698093848
41,FYGMWPLLL,1058.5611572265625,1058.5611902524593
42,VLSDFKSWL,18739.384765625,18739.396963292667
43,NEGCGWMGW,9643.771484375,9643.76392156434
44,PTIAGAGDV,26734.78515625,26734.769729566233
45,FVRSSNLKF,25015.58984375,25015.608233792438
46,LWLTDNTHI,25077.693359375,25077.674347307177
47,LLDEQGVGPL,12648.505859375,12648.516033984019
48,SLFNTVAVL,2341.423583984375,2341.4238000973173
49,VLFGLLCLL,7629.12744140625,7629.130227056152
