,peptide,torchMHC_prediction,MHCFlurry_prediction
0,RDAVILLM,27588.884765625,27588.86955211137
1,VYEAADMI,36261.5859375,36261.57452102359
2,RLLSPTTIV,28777.861328125,28777.87576911462
3,LAYTIGTTHF,15217.3544921875,15217.34644935168
4,FPVTPQVPV,23971.650390625,23971.628357530244
5,KSLFNTVATL,23225.74609375,23225.730881691707
6,GLVILLVLAL,15462.56640625,15462.580026536738
7,SLFGGMSWI,847.7406005859375,847.7405987676004
8,RDWAHNSL,34467.03515625,34467.01570128607
9,TSAVLLLLVV,21857.931640625,21857.932573270937
10,MLVQSCTSI,12771.7666015625,12771.764446007264
11,LLDAHIPQL,8909.890625,8909.886939619748
12,SLYNTVAAL,3423.256591796875,3423.2574160509475
13,AMKADIQHV,14252.052734375,14252.058349188686
14,RPPIFIRRLH,30244.251953125,30244.22989998854
15,GHQAAMQML,10774.2060546875,10774.214749228388
16,GLIMVLSFL,6017.802734375,6017.801912063978
17,SNVSAALAAL,6759.90234375,6759.905588041581
18,LFNWAVKTKL,26417.748046875,26417.736986033553
19,SMNATLVQA,23476.541015625,23476.528965843918
20,SLFNAVAVL,5141.8974609375,5141.893260731931
21,LWEWASVRF,21010.46484375,21010.47574863965
22,LFLNTLSFV,13331.1923828125,13331.194592953772
23,TPGPGIRYPL,24831.001953125,24831.009174494073
24,FISGIQYLA,12998.58984375,12998.592207831605
25,NMIIMDEAHF,20778.662109375,20778.66808864925
26,CQTYKWETF,18819.798828125,18819.790567499596
27,QMWKCLIRL,24373.125,24373.124587172893
28,CPRRPAVAF,20297.34375,20297.351627674874
29,SLNFLGGTTV,22798.96875,22798.94523321371
30,SPKRLATAI,23504.1171875,23504.099762243546
31,FAFSDLCIVY,4247.94580078125,4247.948981288289
32,AVCTRGVAK,24802.53125,24802.550059212277
33,KAKKTPMGF,20568.923828125,20568.94974824712
34,GLMNNAFEWI,20760.08203125,20760.09113188349
35,AIRGSVTPAV,13460.3876953125,13460.380847857688
36,VTEHDTLLY,7310.38232421875,7310.389465732498
37,IPITAAAWYL,19674.642578125,19674.624983112128
38,QRLHGLSAF,3319.81103515625,3319.810986081857
39,IENSSVNVSL,30563.720703125,30563.718755681515
40,RDWAHNGL,33536.2578125,33536.28555042238
41,FYGMWPLLL,24687.865234375,24687.852041842623
42,VLSDFKSWL,17797.677734375,17797.6744198251
43,NEGCGWMGW,12011.3251953125,12011.333298756681
44,PTIAGAGDV,11047.7314453125,11047.739138592273
45,FVRSSNLKF,260.92657470703125,260.9263636658813
46,LWLTDNTHI,28717.134765625,28717.115448502056
47,LLDEQGVGPL,18336.947265625,18336.930740511078
48,SLFNTVAVL,6001.80615234375,6001.805712489455
49,VLFGLLCLL,13959.302734375,13959.306600163793
