,peptide,torchMHC_prediction,MHCFlurry_prediction
0,RDAVILLM,27852.533203125,27852.535791554015
1,VYEAADMI,24432.609375,24432.602830471486
2,RLLSPTTIV,1769.5521240234375,1769.5516109873085
3,LAYTIGTTHF,27559.220703125,27559.24231665601
4,FPVTPQVPV,14.013803482055664,14.013800836339465
5,KSLFNTVATL,19915.904296875,19915.908899053713
6,GLVILLVLAL,24382.7265625,24382.758184697672
7,SLFGGMSWI,158.20579528808594,158.20585327815488
8,RDWAHNSL,24999.396484375,24999.370211007896
9,TSAVLLLLVV,17386.5390625,17386.538532958453
10,MLVQSCTSI,814.0222778320312,814.0222038680723
11,LLDAHIPQL,2617.28955078125,2617.2877576058067
12,SLYNTVAAL,149.0714874267578,149.0715990851484
13,AMKADIQHV,7877.28662109375,7877.280787259482
14,RPPIFIRRLH,28731.654296875,28731.679655672135
15,GHQAAMQML,17785.69921875,17785.69012352027
16,GLIMVLSFL,12861.60546875,12861.603933551032
17,SNVSAALAAL,23252.583984375,23252.58886582161
18,LFNWAVKTKL,22674.396484375,22674.39541680882
19,SMNATLVQA,1523.8419189453125,1523.8426340139026
20,SLFNAVAVL,1142.0234375,1142.0232600577415
21,LWEWASVRF,23687.650390625,23687.641811045018
22,LFLNTLSFV,2299.90478515625,2299.90298167159
23,TPGPGIRYPL,11427.125,11427.123573943605
24,FISGIQYLA,2637.076416015625,2637.074728862926
25,NMIIMDEAHF,25721.873046875,25721.866988256388
26,CQTYKWETF,24458.345703125,24458.372542164092
27,QMWKCLIRL,2332.502197265625,2332.502539344115
28,CPRRPAVAF,20473.126953125,20473.13558947157
29,SLNFLGGTTV,17448.779296875,17448.764377331372
30,SPKRLATAI,14294.7001953125,14294.712653436678
31,FAFSDLCIVY,19709.234375,19709.239931408538
32,AVCTRGVAK,22315.052734375,22315.06618877368
33,KAKKTPMGF,19717.939453125,19717.94789184515
34,GLMNNAFEWI,23900.861328125,23900.878968627403
35,AIRGSVTPAV,10249.23828125,10249.25460454921
36,VTEHDTLLY,20253.509765625,20253.489939001574
37,IPITAAAWYL,5039.76171875,5039.765547678312
38,QRLHGLSAF,19985.197265625,19985.209816256796
39,IENSSVNVSL,22604.810546875,22604.80640277747
40,RDWAHNGL,25314.90625,25314.92291310713
41,FYGMWPLLL,18864.775390625,18864.769485968547
42,VLSDFKSWL,13166.7724609375,13166.769230728547
43,NEGCGWMGW,22786.447265625,22786.457902205748
44,PTIAGAGDV,4078.48681640625,4078.4879122235457
45,FVRSSNLKF,18921.947265625,18921.9622117315
46,LWLTDNTHI,14660.7880859375,14660.791470790968
47,LLDEQGVGPL,9457.3251953125,9457.323586040691
48,SLFNTVAVL,1020.275390625,1020.2753401939959
49,VLFGLLCLL,7859.4501953125,7859.442256931035
