,peptide,torchMHC_prediction,MHCFlurry_prediction
0,RDAVILLM,17441.09375,17441.105659175377
1,VYEAADMI,26961.638671875,26961.648871060133
2,RLLSPTTIV,17300.927734375,17300.91181128024
3,LAYTIGTTHF,25615.509765625,25615.498228776134
4,FPVTPQVPV,20549.552734375,20549.537950078466
5,KSLFNTVATL,8602.96484375,8602.962055902959
6,GLVILLVLAL,10960.5654296875,10960.554573013504
7,SLFGGMSWI,12738.77734375,12738.770094070222
8,RDWAHNSL,7582.3212890625,7582.314323938953
9,TSAVLLLLVV,23225.21484375,23225.237182069483
10,MLVQSCTSI,18893.998046875,18893.98002488961
11,LLDAHIPQL,18442.6484375,18442.64783655835
12,SLYNTVAAL,11163.7041015625,11163.701660575409
13,AMKADIQHV,24132.603515625,24132.60222155497
14,RPPIFIRRLH,32814.73828125,32814.736554350195
15,GHQAAMQML,19284.994140625,19284.996614362684
16,GLIMVLSFL,8421.150390625,8421.151726067195
17,SNVSAALAAL,14807.0048828125,14806.997135817934
18,LFNWAVKTKL,26849.71484375,26849.716556197698
19,SMNATLVQA,26086.8984375,26086.906118337036
20,SLFNAVAVL,13183.8486328125,13183.844261773633
21,LWEWASVRF,21916.501953125,21916.500682982725
22,LFLNTLSFV,23295.421875,23295.442940542704
23,TPGPGIRYPL,26067.103515625,26067.098039871624
24,FISGIQYLA,25044.640625,25044.646013177673
25,NMIIMDEAHF,29108.94921875,29108.951413722996
26,CQTYKWETF,14530.2392578125,14530.23281215908
27,QMWKCLIRL,8625.5810546875,8625.582962671757
28,CPRRPAVAF,20246.962890625,20246.967379748956
29,SLNFLGGTTV,20381.974609375,20381.974359592943
30,SPKRLATAI,21710.201171875,21710.20197469527
31,FAFSDLCIVY,28729.515625,28729.490945024256
32,AVCTRGVAK,26891.125,26891.1361969399
33,KAKKTPMGF,23046.869140625,23046.857486838308
34,GLMNNAFEWI,16006.6328125,16006.626898014965
35,AIRGSVTPAV,26867.9765625,26867.994174620024
36,VTEHDTLLY,28130.12890625,28130.10723337971
37,IPITAAAWYL,16355.322265625,16355.318762860516
38,QRLHGLSAF,17753.43359375,17753.42498715168
39,IENSSVNVSL,38.9678955078125,38.967904578226275
40,RDWAHNGL,14088.7119140625,14088.71827507006
41,FYGMWPLLL,19836.1015625,19836.089502061386
42,VLSDFKSWL,19959.712890625,19959.67979006457
43,NEGCGWMGW,9015.2705078125,9015.269270236979
44,PTIAGAGDV,25090.732421875,25090.738816638328
45,FVRSSNLKF,24179.091796875,24179.09105963272
46,LWLTDNTHI,16482.78125,16482.77744570798
47,LLDEQGVGPL,14201.9736328125,14201.976086067192
48,SLFNTVAVL,13465.5615234375,13465.57088498192
49,VLFGLLCLL,18798.435546875,18798.44123560731
