,peptide,torchMHC_prediction,MHCFlurry_prediction
0,RDAVILLM,18037.1875,18037.203650323616
1,VYEAADMI,38283.5078125,38283.51948988409
2,RLLSPTTIV,3825.498291015625,3825.4977729499237
3,LAYTIGTTHF,2011.1529541015625,2011.152489591701
4,FPVTPQVPV,29812.580078125,29812.583153887685
5,KSLFNTVATL,265.1631164550781,265.16312751073207
6,GLVILLVLAL,24132.005859375,24132.01629348483
7,SLFGGMSWI,2548.68359375,2548.6846336168906
8,RDWAHNSL,20110.33203125,20110.309375967954
9,TSAVLLLLVV,15599.4384765625,15599.441134816481
10,MLVQSCTSI,1469.078857421875,1469.0786068311195
11,LLDAHIPQL,9831.548828125,9831.55566249532
12,SLYNTVAAL,298.3004150390625,298.3003416221194
13,AMKADIQHV,19068.681640625,19068.67899409833
14,RPPIFIRRLH,41962.4453125,41962.468189290696
15,GHQAAMQML,15238.3681640625,15238.369591213097
16,GLIMVLSFL,15694.6416015625,15694.649330511176
17,SNVSAALAAL,31026.619140625,31026.61948195959
18,LFNWAVKTKL,28228.13671875,28228.140858569288
19,SMNATLVQA,35099.30859375,35099.31475428596
20,SLFNAVAVL,1920.917724609375,1920.917264394249
21,LWEWASVRF,5727.35693359375,5727.354878310196
22,LFLNTLSFV,27929.005859375,27928.99179506383
23,TPGPGIRYPL,37733.81640625,37733.84234783217
24,FISGIQYLA,29158.154296875,29158.142635698867
25,NMIIMDEAHF,31415.982421875,31416.00024615154
26,CQTYKWETF,10553.9501953125,10553.954747344726
27,QMWKCLIRL,9479.546875,9479.540980609534
28,CPRRPAVAF,3479.77587890625,3479.774979000532
29,SLNFLGGTTV,36135.85546875,36135.870181929815
30,SPKRLATAI,16455.4375,16455.435276883523
31,FAFSDLCIVY,2084.082763671875,2084.083109443695
32,AVCTRGVAK,27305.92578125,27305.920575141245
33,KAKKTPMGF,9.631272315979004,9.631274034159217
34,GLMNNAFEWI,41090.54296875,41090.514651181074
35,AIRGSVTPAV,23707.423828125,23707.409059942664
36,VTEHDTLLY,15.901159286499023,15.901169714101009
37,IPITAAAWYL,35918.91796875,35918.89200954195
38,QRLHGLSAF,12283.5185546875,12283.523931390264
39,IENSSVNVSL,35964.05859375,35964.05795935601
40,RDWAHNGL,19160.41015625,19160.40138154252
41,FYGMWPLLL,17368.822265625,17368.843465825154
42,VLSDFKSWL,3619.37109375,3619.370603161261
43,NEGCGWMGW,7337.671875,7337.674476666445
44,PTIAGAGDV,8002.31298828125,8002.317045613862
45,FVRSSNLKF,19.493053436279297,19.49305510771937
46,LWLTDNTHI,25627.8984375,25627.874124950282
47,LLDEQGVGPL,37740.94140625,37740.946500994934
48,SLFNTVAVL,1741.7490234375,1741.748964907545
49,VLFGLLCLL,605.8812255859375,605.8808623302826
