,peptide,torchMHC_prediction,MHCFlurry_prediction
0,RDAVILLM,23608.220703125,23608.21983657452
1,VYEAADMI,33362.56640625,33362.559905248585
2,RLLSPTTIV,15891.11328125,15891.114215082687
3,LAYTIGTTHF,338.4215087890625,338.4214228794408
4,FPVTPQVPV,14.330022811889648,14.330018767757009
5,KSLFNTVATL,15255.6279296875,15255.62591481454
6,GLVILLVLAL,25523.5546875,25523.55790021431
7,SLFGGMSWI,18189.3203125,18189.315065536066
8,RDWAHNSL,24757.748046875,24757.741513112254
9,TSAVLLLLVV,24086.412109375,24086.407584364468
10,MLVQSCTSI,3101.758056640625,3101.7572964249102
11,LLDAHIPQL,12604.5537109375,12604.552649441383
12,SLYNTVAAL,3284.01416015625,3284.014306568612
13,AMKADIQHV,28673.322265625,28673.310813137126
14,RPPIFIRRLH,19395.3828125,19395.375660880705
15,GHQAAMQML,29059.21875,29059.220781720305
16,GLIMVLSFL,25441.244140625,25441.248865757825
17,SNVSAALAAL,24136.6328125,24136.648176233444
18,LFNWAVKTKL,18640.603515625,18640.60242974298
19,SMNATLVQA,17849.69140625,17849.68071819828
20,SLFNAVAVL,6307.53515625,6307.539888022107
21,LWEWASVRF,1746.8475341796875,1746.8464358521933
22,LFLNTLSFV,21694.513671875,21694.513527772528
23,TPGPGIRYPL,738.453369140625,738.4532590125871
24,FISGIQYLA,4293.783203125,4293.781582110981
25,NMIIMDEAHF,9568.72265625,9568.725065611134
26,CQTYKWETF,6708.486328125,6708.483780701401
27,QMWKCLIRL,8418.708984375,8418.713986501327
28,CPRRPAVAF,27.69499969482422,27.694991203430547
29,SLNFLGGTTV,26351.646484375,26351.643274509734
30,SPKRLATAI,1171.697509765625,1171.697807143807
31,FAFSDLCIVY,14.32209587097168,14.322096899276733
32,AVCTRGVAK,13611.5751953125,13611.578945909921
33,KAKKTPMGF,5053.7431640625,5053.740939800797
34,GLMNNAFEWI,35045.890625,35045.89680272025
35,AIRGSVTPAV,22228.4140625,22228.414961815248
36,VTEHDTLLY,361.84649658203125,361.84652181222356
37,IPITAAAWYL,1069.9952392578125,1069.9952276534777
38,QRLHGLSAF,2886.481201171875,2886.481383169799
39,IENSSVNVSL,14295.736328125,14295.741953928296
40,RDWAHNGL,27898.658203125,27898.660460511826
41,FYGMWPLLL,5812.68603515625,5812.683674290887
42,VLSDFKSWL,15515.5810546875,15515.582725222817
43,NEGCGWMGW,16762.25390625,16762.2508521015
44,PTIAGAGDV,19970.8125,19970.80887814683
45,FVRSSNLKF,102.25727844238281,102.25725037091364
46,LWLTDNTHI,15412.3486328125,15412.344788358545
47,LLDEQGVGPL,17661.66796875,17661.675322999996
48,SLFNTVAVL,5695.91650390625,5695.918662023228
49,VLFGLLCLL,10476.3837890625,10476.375970649235
