,peptide,torchMHC_prediction,MHCFlurry_prediction
0,RDAVILLM,5170.126953125,5170.127988880067
1,VYEAADMI,24393.958984375,24393.956560689112
2,RLLSPTTIV,22462.0546875,22462.05587491231
3,LAYTIGTTHF,22080.958984375,22080.93889857163
4,FPVTPQVPV,21406.376953125,21406.36203313246
5,KSLFNTVATL,7743.52099609375,7743.518056876048
6,GLVILLVLAL,18335.775390625,18335.76620479428
7,SLFGGMSWI,22021.3828125,22021.352459642596
8,RDWAHNSL,438.4219665527344,438.42185122257257
9,TSAVLLLLVV,17068.8984375,17068.894348997415
10,MLVQSCTSI,21844.009765625,21844.00301898129
11,LLDAHIPQL,23320.984375,23321.009310607886
12,SLYNTVAAL,20622.72265625,20622.703913507114
13,AMKADIQHV,26642.927734375,26642.940855210683
14,RPPIFIRRLH,29687.80078125,29687.792471983576
15,GHQAAMQML,13757.806640625,13757.800867313485
16,GLIMVLSFL,16754.998046875,16754.987345225734
17,SNVSAALAAL,10784.0849609375,10784.083752411592
18,LFNWAVKTKL,22932.970703125,22932.97535034822
19,SMNATLVQA,25106.146484375,25106.139299724302
20,SLFNAVAVL,20307.23828125,20307.24098444454
21,LWEWASVRF,19410.927734375,19410.9247629337
22,LFLNTLSFV,26835.224609375,26835.225429957012
23,TPGPGIRYPL,25550.904296875,25550.888511992536
24,FISGIQYLA,21385.17578125,21385.174599901344
25,NMIIMDEAHF,28236.322265625,28236.324435864462
26,CQTYKWETF,8364.75390625,8364.747521042951
27,QMWKCLIRL,18773.3359375,18773.313499702857
28,CPRRPAVAF,24084.390625,24084.39656005286
29,SLNFLGGTTV,22595.54296875,22595.546031648377
30,SPKRLATAI,18518.98046875,18518.970490667085
31,FAFSDLCIVY,22164.25390625,22164.250636270852
32,AVCTRGVAK,26979.46484375,26979.443252393557
33,KAKKTPMGF,25571.185546875,25571.20075906135
34,GLMNNAFEWI,21787.650390625,21787.64877614012
35,AIRGSVTPAV,25563.626953125,25563.622418746618
36,VTEHDTLLY,26755.7265625,26755.721299825505
37,IPITAAAWYL,17888.78515625,17888.797054337138
38,QRLHGLSAF,16431.177734375,16431.175810353587
39,IENSSVNVSL,70.04686737060547,70.04686217000166
40,RDWAHNGL,971.3310546875,971.3302668704646
41,FYGMWPLLL,23543.310546875,23543.310075860878
42,VLSDFKSWL,24993.4609375,24993.453547547095
43,NEGCGWMGW,9769.1806640625,9769.182347760496
44,PTIAGAGDV,24987.66796875,24987.677116609226
45,FVRSSNLKF,24003.791015625,24003.79754189722
46,LWLTDNTHI,23201.591796875,23201.60325556319
47,LLDEQGVGPL,20223.283203125,20223.290858576805
48,SLFNTVAVL,21451.25390625,21451.260496461986
49,VLFGLLCLL,21022.671875,21022.685535940083
