,peptide,torchMHC_prediction,MHCFlurry_prediction
0,RDAVILLM,35890.703125,35890.67066430519
1,VYEAADMI,38802.515625,38802.54820702065
2,RLLSPTTIV,33986.078125,33986.03662646102
3,LAYTIGTTHF,31391.93359375,31391.922448837515
4,FPVTPQVPV,32073.880859375,32073.926408098843
5,KSLFNTVATL,32628.16015625,32628.154047416865
6,GLVILLVLAL,26658.126953125,26658.088380386747
7,SLFGGMSWI,16621.390625,16621.37597557858
8,RDWAHNSL,35280.2578125,35280.25411848899
9,TSAVLLLLVV,23710.544921875,23710.573253444894
10,MLVQSCTSI,28512.68359375,28512.662535113956
11,LLDAHIPQL,30738.171875,30738.169210090316
12,SLYNTVAAL,17746.03515625,17746.04299225045
13,AMKADIQHV,33947.43359375,33947.443941420075
14,RPPIFIRRLH,23243.916015625,23243.904548751598
15,GHQAAMQML,36562.6875,36562.65420067474
16,GLIMVLSFL,13416.1982421875,13416.193082065003
17,SNVSAALAAL,21816.654296875,21816.657860565876
18,LFNWAVKTKL,12090.3134765625,12090.323605001971
19,SMNATLVQA,8824.5068359375,8824.515963924108
20,SLFNAVAVL,18500.162109375,18500.151325390805
21,LWEWASVRF,32621.345703125,32621.346909963904
22,LFLNTLSFV,7099.50048828125,7099.503807079357
23,TPGPGIRYPL,16207.025390625,16207.016231210528
24,FISGIQYLA,3050.2236328125,3050.225292354776
25,NMIIMDEAHF,21418.7109375,21418.723804561654
26,CQTYKWETF,30243.2421875,30243.220163666174
27,QMWKCLIRL,2271.193359375,2271.1917333844112
28,CPRRPAVAF,33733.40234375,33733.403902516475
29,SLNFLGGTTV,29512.2734375,29512.24525291034
30,SPKRLATAI,36253.1484375,36253.15518972932
31,FAFSDLCIVY,7123.8623046875,7123.85737342902
32,AVCTRGVAK,8881.8349609375,8881.832999740098
33,KAKKTPMGF,40627.8203125,40627.81775444869
34,GLMNNAFEWI,29397.216796875,29397.213740997282
35,AIRGSVTPAV,33250.7578125,33250.78773507773
36,VTEHDTLLY,30128.75390625,30128.746621124435
37,IPITAAAWYL,13395.078125,13395.0755126584
38,QRLHGLSAF,32337.556640625,32337.54980657883
39,IENSSVNVSL,30117.521484375,30117.49580764213
40,RDWAHNGL,36596.41796875,36596.41688812221
41,FYGMWPLLL,2288.192626953125,2288.194294730422
42,VLSDFKSWL,13464.251953125,13464.244831973441
43,NEGCGWMGW,25159.30859375,25159.30538652948
44,PTIAGAGDV,38938.3359375,38938.35550509539
45,FVRSSNLKF,24746.55859375,24746.56069637935
46,LWLTDNTHI,33659.5859375,33659.55727396336
47,LLDEQGVGPL,33020.76953125,33020.7402372
48,SLFNTVAVL,17853.029296875,17853.019567202253
49,VLFGLLCLL,3714.15966796875,3714.1582976479926
