,peptide,torchMHC_prediction,MHCFlurry_prediction
0,RDAVILLM,35697.80078125,35697.8147169079
1,VYEAADMI,3046.723388671875,3046.721610136762
2,RLLSPTTIV,8176.15234375,8176.14589570215
3,LAYTIGTTHF,30753.06640625,30753.0702998329
4,FPVTPQVPV,28642.7109375,28642.70541037865
5,KSLFNTVATL,23549.013671875,23549.03915960074
6,GLVILLVLAL,36457.39453125,36457.355998246036
7,SLFGGMSWI,11864.4736328125,11864.468027444138
8,RDWAHNSL,26288.091796875,26288.079601309077
9,TSAVLLLLVV,40702.78515625,40702.78378494625
10,MLVQSCTSI,21111.57421875,21111.587767465142
11,LLDAHIPQL,9763.96484375,9763.9623254933
12,SLYNTVAAL,9775.4619140625,9775.464962096896
13,AMKADIQHV,8157.654296875,8157.654120012454
14,RPPIFIRRLH,41433.40234375,41433.432150329085
15,GHQAAMQML,2173.185791015625,2173.184609401298
16,GLIMVLSFL,9420.6162109375,9420.614691606619
17,SNVSAALAAL,38119.41796875,38119.4605859102
18,LFNWAVKTKL,24645.09765625,24645.067258151674
19,SMNATLVQA,19325.33203125,19325.33640355559
20,SLFNAVAVL,6173.93212890625,6173.933676893881
21,LWEWASVRF,47.91100311279297,47.911010300090624
22,LFLNTLSFV,852.6781005859375,852.6781730133036
23,TPGPGIRYPL,37271.09375,37271.08839521303
24,FISGIQYLA,24787.751953125,24787.74190799779
25,NMIIMDEAHF,27975.015625,27975.02235210175
26,CQTYKWETF,3637.427001953125,3637.4264174991195
27,QMWKCLIRL,5597.30859375,5597.306164304033
28,CPRRPAVAF,8802.4853515625,8802.489035609718
29,SLNFLGGTTV,39782.47265625,39782.441376258495
30,SPKRLATAI,28077.97265625,28077.997428785075
31,FAFSDLCIVY,38095.72265625,38095.737159372344
32,AVCTRGVAK,30226.77734375,30226.748349931288
33,KAKKTPMGF,7606.70751953125,7606.708541098896
34,GLMNNAFEWI,29639.482421875,29639.50365592818
35,AIRGSVTPAV,36959.78515625,36959.79796500187
36,VTEHDTLLY,26517.8046875,26517.809091219027
37,IPITAAAWYL,32529.080078125,32529.076206992966
38,QRLHGLSAF,4485.26171875,4485.25999186482
39,IENSSVNVSL,39127.51171875,39127.52267643145
40,RDWAHNGL,27332.03125,27332.05872938871
41,FYGMWPLLL,21.738447189331055,21.738440447314296
42,VLSDFKSWL,25661.404296875,25661.444764877248
43,NEGCGWMGW,12024.677734375,12024.674999324541
44,PTIAGAGDV,27557.25,27557.244587149755
45,FVRSSNLKF,2886.936767578125,2886.9373020073144
46,LWLTDNTHI,397.4728088378906,397.4726114295005
47,LLDEQGVGPL,38313.34765625,38313.2917697884
48,SLFNTVAVL,7656.0947265625,7656.092755616352
49,VLFGLLCLL,14770.5615234375,14770.572365001224
