,peptide,torchMHC_prediction,MHCFlurry_prediction
0,RDAVILLM,18004.140625,18004.13483718455
1,VYEAADMI,2757.997802734375,2757.9964811063805
2,RLLSPTTIV,740.6150512695312,740.6145945893338
3,LAYTIGTTHF,9250.5537109375,9250.547119527952
4,FPVTPQVPV,3881.65576171875,3881.657996477649
5,KSLFNTVATL,4352.3173828125,4352.3191078445925
6,GLVILLVLAL,22872.62109375,22872.62569597949
7,SLFGGMSWI,4509.912109375,4509.910884665814
8,RDWAHNSL,3178.134765625,3178.134491186898
9,TSAVLLLLVV,29981.341796875,29981.344051427448
10,MLVQSCTSI,1008.55419921875,1008.553653979035
11,LLDAHIPQL,117.55813598632812,117.55815266271803
12,SLYNTVAAL,322.6302490234375,322.6302963229988
13,AMKADIQHV,3744.17578125,3744.174152861919
14,RPPIFIRRLH,35845.48046875,35845.46042252976
15,GHQAAMQML,2167.811279296875,2167.811208885506
16,GLIMVLSFL,6439.71044921875,6439.7141086745705
17,SNVSAALAAL,12281.0595703125,12281.068494479956
18,LFNWAVKTKL,14511.0458984375,14511.04478948689
19,SMNATLVQA,8988.95703125,8988.956069671018
20,SLFNAVAVL,834.1913452148438,834.1911947951239
21,LWEWASVRF,1987.8853759765625,1987.8846102249845
22,LFLNTLSFV,2905.5283203125,2905.5277062431937
23,TPGPGIRYPL,21827.892578125,21827.90403523347
24,FISGIQYLA,7098.79638671875,7098.796315721717
25,NMIIMDEAHF,22682.703125,22682.69061566931
26,CQTYKWETF,21800.181640625,21800.169114890617
27,QMWKCLIRL,1348.4979248046875,1348.4985765016063
28,CPRRPAVAF,8986.548828125,8986.543186587507
29,SLNFLGGTTV,12937.1259765625,12937.131767868354
30,SPKRLATAI,5602.109375,5602.107643420412
31,FAFSDLCIVY,15376.74609375,15376.746581411728
32,AVCTRGVAK,5454.486328125,5454.489012312289
33,KAKKTPMGF,3423.455810546875,3423.4548202434994
34,GLMNNAFEWI,15414.4501953125,15414.453672507947
35,AIRGSVTPAV,17048.1875,17048.192225258867
36,VTEHDTLLY,1043.3828125,1043.3828687373998
37,IPITAAAWYL,22840.861328125,22840.87403520805
38,QRLHGLSAF,3873.461181640625,3873.461066293169
39,IENSSVNVSL,18522.16015625,18522.16515924485
40,RDWAHNGL,6545.18359375,6545.186530001312
41,FYGMWPLLL,702.8546142578125,702.8545675765532
42,VLSDFKSWL,5140.9658203125,5140.965108611314
43,NEGCGWMGW,21063.953125,21063.958095050573
44,PTIAGAGDV,3726.64892578125,3726.649043591807
45,FVRSSNLKF,3295.063232421875,3295.062027370089
46,LWLTDNTHI,1681.87060546875,1681.8705712021697
47,LLDEQGVGPL,1188.485107421875,1188.4856075463886
48,SLFNTVAVL,622.0370483398438,622.0368822405434
49,VLFGLLCLL,1794.2415771484375,1794.2409043161942
