,peptide,torchMHC_prediction,MHCFlurry_prediction
0,RDAVILLM,23826.6484375,23826.652594916846
1,VYEAADMI,27540.59375,27540.583772135127
2,RLLSPTTIV,22474.419921875,22474.433746403487
3,LAYTIGTTHF,6630.02001953125,6630.018990181903
4,FPVTPQVPV,19666.294921875,19666.280510572964
5,KSLFNTVATL,14304.6689453125,14304.679933626592
6,GLVILLVLAL,16069.4033203125,16069.397186263104
7,SLFGGMSWI,11970.306640625,11970.298237823037
8,RDWAHNSL,25531.173828125,25531.165776684575
9,TSAVLLLLVV,14249.185546875,14249.180380498377
10,MLVQSCTSI,15387.8212890625,15387.827615610442
11,LLDAHIPQL,25476.59375,25476.610301312296
12,SLYNTVAAL,8138.453125,8138.4507446999105
13,AMKADIQHV,19276.666015625,19276.672053196882
14,RPPIFIRRLH,27627.587890625,27627.596440425845
15,GHQAAMQML,24393.35546875,24393.366171563106
16,GLIMVLSFL,19125.630859375,19125.641855915375
17,SNVSAALAAL,20436.083984375,20436.09520460258
18,LFNWAVKTKL,27471.630859375,27471.639877289712
19,SMNATLVQA,21066.744140625,21066.729092916416
20,SLFNAVAVL,11501.931640625,11501.934648254508
21,LWEWASVRF,24723.888671875,24723.90523034746
22,LFLNTLSFV,22867.08203125,22867.05932402084
23,TPGPGIRYPL,26170.375,26170.367676577098
24,FISGIQYLA,22792.25,22792.236358484257
25,NMIIMDEAHF,17181.63671875,17181.637250682506
26,CQTYKWETF,14620.5625,14620.562784343929
27,QMWKCLIRL,20300.5,20300.513078670698
28,CPRRPAVAF,16983.05078125,16983.04593529785
29,SLNFLGGTTV,23881.74609375,23881.750630248443
30,SPKRLATAI,20400.896484375,20400.89110748181
31,FAFSDLCIVY,333.2477111816406,333.2476600360751
32,AVCTRGVAK,25919.013671875,25919.032493582206
33,KAKKTPMGF,5762.31640625,5762.317342316279
34,GLMNNAFEWI,20826.453125,20826.436743929055
35,AIRGSVTPAV,20760.67578125,20760.680902628497
36,VTEHDTLLY,21118.642578125,21118.634845997425
37,IPITAAAWYL,27339.6953125,27339.677786824406
38,QRLHGLSAF,7272.630859375,7272.6376409181
39,IENSSVNVSL,25458.330078125,25458.33558124454
40,RDWAHNGL,26930.955078125,26930.92645507783
41,FYGMWPLLL,22190.310546875,22190.303090479505
42,VLSDFKSWL,22378.73046875,22378.75156466917
43,NEGCGWMGW,20584.34765625,20584.35840421491
44,PTIAGAGDV,21353.546875,21353.556780969462
45,FVRSSNLKF,6124.2333984375,6124.231102539954
46,LWLTDNTHI,25626.896484375,25626.88293718249
47,LLDEQGVGPL,20462.72265625,20462.71615380982
48,SLFNTVAVL,11465.791015625,11465.792446598285
49,VLFGLLCLL,20799.162109375,20799.17196163015
