,peptide,torchMHC_prediction,MHCFlurry_prediction
0,RDAVILLM,26505.87109375,26505.8579364786
1,VYEAADMI,30584.248046875,30584.231402034973
2,RLLSPTTIV,22162.75390625,22162.73539546375
3,LAYTIGTTHF,25745.677734375,25745.68693849822
4,FPVTPQVPV,31431.025390625,31431.028037405933
5,KSLFNTVATL,27565.345703125,27565.328207072096
6,GLVILLVLAL,26701.279296875,26701.297727667952
7,SLFGGMSWI,26438.337890625,26438.32816409736
8,RDWAHNSL,25134.03125,25134.00865353464
9,TSAVLLLLVV,29734.18359375,29734.163234957905
10,MLVQSCTSI,27079.48046875,27079.48177485708
11,LLDAHIPQL,30258.12890625,30258.078871183825
12,SLYNTVAAL,25680.3515625,25680.34898989376
13,AMKADIQHV,26393.72265625,26393.69378683736
14,RPPIFIRRLH,30428.455078125,30428.441192739498
15,GHQAAMQML,26057.607421875,26057.622423881014
16,GLIMVLSFL,25465.494140625,25465.46360803052
17,SNVSAALAAL,28170.478515625,28170.446301116746
18,LFNWAVKTKL,30185.208984375,30185.225660419328
19,SMNATLVQA,25486.728515625,25486.7389584173
20,SLFNAVAVL,26974.576171875,26974.59448273926
21,LWEWASVRF,22414.849609375,22414.844750622495
22,LFLNTLSFV,31328.2890625,31328.31697524574
23,TPGPGIRYPL,31384.958984375,31384.96176177669
24,FISGIQYLA,29785.185546875,29785.16264676104
25,NMIIMDEAHF,25386.46875,25386.460100775086
26,CQTYKWETF,19157.6328125,19157.632382039792
27,QMWKCLIRL,17050.15625,17050.135915673018
28,CPRRPAVAF,28580.689453125,28580.69150146582
29,SLNFLGGTTV,27303.712890625,27303.71489481199
30,SPKRLATAI,30748.697265625,30748.659731797703
31,FAFSDLCIVY,24873.451171875,24873.42201265149
32,AVCTRGVAK,28868.791015625,28868.804368048633
33,KAKKTPMGF,24469.0078125,24469.014514890896
34,GLMNNAFEWI,26875.025390625,26875.028054200542
35,AIRGSVTPAV,31548.205078125,31548.16251357729
36,VTEHDTLLY,29186.69921875,29186.695586482252
37,IPITAAAWYL,31774.453125,31774.425164864544
38,QRLHGLSAF,9572.4189453125,9572.41912857402
39,IENSSVNVSL,29674.94921875,29674.944547375893
40,RDWAHNGL,23069.6953125,23069.70155041714
41,FYGMWPLLL,21481.77734375,21481.780856272628
42,VLSDFKSWL,30625.314453125,30625.31747243212
43,NEGCGWMGW,26493.71484375,26493.71875163722
44,PTIAGAGDV,32370.818359375,32370.817710575415
45,FVRSSNLKF,29508.53125,29508.556536268494
46,LWLTDNTHI,22447.12890625,22447.13947527301
47,LLDEQGVGPL,29708.333984375,29708.295295285378
48,SLFNTVAVL,26813.01953125,26813.01153357641
49,VLFGLLCLL,25745.1875,25745.16583204312
