,peptide,torchMHC_prediction,MHCFlurry_prediction
0,RDAVILLM,22059.216796875,22059.223295189116
1,VYEAADMI,22717.90234375,22717.882053186506
2,RLLSPTTIV,22920.791015625,22920.79695732186
3,LAYTIGTTHF,14846.9365234375,14846.932372640094
4,FPVTPQVPV,23955.240234375,23955.23470632535
5,KSLFNTVATL,22343.927734375,22343.915479954987
6,GLVILLVLAL,22884.62109375,22884.60279471274
7,SLFGGMSWI,22323.33203125,22323.359064841286
8,RDWAHNSL,24988.8359375,24988.846010970163
9,TSAVLLLLVV,4703.7744140625,4703.773127151644
10,MLVQSCTSI,21824.64453125,21824.658052725004
11,LLDAHIPQL,11049.93359375,11049.939432478699
12,SLYNTVAAL,23382.494140625,23382.494022369785
13,AMKADIQHV,20537.3671875,20537.38626849737
14,RPPIFIRRLH,24473.44140625,24473.425640118923
15,GHQAAMQML,24812.515625,24812.521591853125
16,GLIMVLSFL,23558.560546875,23558.565395642865
17,SNVSAALAAL,24314.1796875,24314.192869693954
18,LFNWAVKTKL,24567.634765625,24567.625056929144
19,SMNATLVQA,17425.896484375,17425.887715810975
20,SLFNAVAVL,23401.189453125,23401.179850552675
21,LWEWASVRF,20921.58984375,20921.590099307665
22,LFLNTLSFV,22032.83203125,22032.824127308755
23,TPGPGIRYPL,25057.326171875,25057.32357824043
24,FISGIQYLA,5431.0087890625,5431.005670982751
25,NMIIMDEAHF,20104.7890625,20104.786217320023
26,CQTYKWETF,19731.201171875,19731.197177708626
27,QMWKCLIRL,22095.515625,22095.51112989835
28,CPRRPAVAF,23738.509765625,23738.496553153036
29,SLNFLGGTTV,20109.755859375,20109.74929376146
30,SPKRLATAI,24882.443359375,24882.44197347349
31,FAFSDLCIVY,1128.60107421875,1128.6012148232992
32,AVCTRGVAK,22389.10546875,22389.088451108695
33,KAKKTPMGF,20581.8359375,20581.812151135993
34,GLMNNAFEWI,22766.3125,22766.331894042443
35,AIRGSVTPAV,23308.93359375,23308.922690234132
36,VTEHDTLLY,6.414495468139648,6.41449415353992
37,IPITAAAWYL,24225.5546875,24225.538682769693
38,QRLHGLSAF,23763.357421875,23763.35645214038
39,IENSSVNVSL,24173.375,24173.37609844781
40,RDWAHNGL,25175.341796875,25175.345575932435
41,FYGMWPLLL,17236.056640625,17236.060413772186
42,VLSDFKSWL,18392.080078125,18392.08061116197
43,NEGCGWMGW,24476.826171875,24476.82352427126
44,PTIAGAGDV,18645.314453125,18645.333597131903
45,FVRSSNLKF,13596.3046875,13596.317418255665
46,LWLTDNTHI,24376.40234375,24376.386212878395
47,LLDEQGVGPL,8014.30322265625,8014.303712115564
48,SLFNTVAVL,23233.654296875,23233.67235676385
49,VLFGLLCLL,19537.251953125,19537.245844934394
