,peptide,torchMHC_prediction,MHCFlurry_prediction
0,RDAVILLM,22391.90234375,22391.909521102363
1,VYEAADMI,27456.91015625,27456.89382262768
2,RLLSPTTIV,14572.5927734375,14572.594161062438
3,LAYTIGTTHF,10017.40234375,10017.409311863406
4,FPVTPQVPV,22873.537109375,22873.53870576947
5,KSLFNTVATL,10626.2021484375,10626.210966337138
6,GLVILLVLAL,16882.318359375,16882.321028437076
7,SLFGGMSWI,6841.43212890625,6841.431333820159
8,RDWAHNSL,24740.564453125,24740.555311960306
9,TSAVLLLLVV,13707.6474609375,13707.645641425355
10,MLVQSCTSI,21662.7578125,21662.77307344838
11,LLDAHIPQL,18921.857421875,18921.868354160604
12,SLYNTVAAL,8956.6201171875,8956.618327782264
13,AMKADIQHV,18312.1484375,18312.15212979459
14,RPPIFIRRLH,23152.412109375,23152.42859093585
15,GHQAAMQML,21847.240234375,21847.251065341894
16,GLIMVLSFL,12133.65234375,12133.650676497104
17,SNVSAALAAL,19073.046875,19073.055219072015
18,LFNWAVKTKL,19984.548828125,19984.55064354868
19,SMNATLVQA,5180.9658203125,5180.970798021463
20,SLFNAVAVL,8234.693359375,8234.694724033296
21,LWEWASVRF,21527.984375,21527.983558437016
22,LFLNTLSFV,19253.423828125,19253.420484554328
23,TPGPGIRYPL,20301.158203125,20301.169393186527
24,FISGIQYLA,11180.166015625,11180.152699253944
25,NMIIMDEAHF,20099.99609375,20099.99923166267
26,CQTYKWETF,22664.49609375,22664.50077090325
27,QMWKCLIRL,17215.341796875,17215.34635218863
28,CPRRPAVAF,25607.42578125,25607.41686985946
29,SLNFLGGTTV,10782.5732421875,10782.575111193819
30,SPKRLATAI,25789.9609375,25789.954201503744
31,FAFSDLCIVY,1333.1337890625,1333.1338912331883
32,AVCTRGVAK,18.55256462097168,18.552557240885733
33,KAKKTPMGF,16162.5419921875,16162.536779036043
34,GLMNNAFEWI,17415.86328125,17415.857505458618
35,AIRGSVTPAV,17370.033203125,17370.039073310087
36,VTEHDTLLY,496.09765625,496.0979250367078
37,IPITAAAWYL,21796.751953125,21796.750489060523
38,QRLHGLSAF,24993.22265625,24993.218067384627
39,IENSSVNVSL,19404.744140625,19404.734873392546
40,RDWAHNGL,24375.634765625,24375.63524740648
41,FYGMWPLLL,21703.7421875,21703.74571797917
42,VLSDFKSWL,13681.357421875,13681.361792753563
43,NEGCGWMGW,19307.408203125,19307.41987782793
44,PTIAGAGDV,21786.33984375,21786.337896364643
45,FVRSSNLKF,15393.7666015625,15393.76800521075
46,LWLTDNTHI,24312.765625,24312.773232159714
47,LLDEQGVGPL,21947.33203125,21947.310581899477
48,SLFNTVAVL,9336.185546875,9336.180784012786
49,VLFGLLCLL,9138.5009765625,9138.501441725524
