,peptide,torchMHC_prediction,MHCFlurry_prediction
0,RDAVILLM,29837.412109375,29837.401792810986
1,VYEAADMI,35943.86328125,35943.86250612674
2,RLLSPTTIV,1660.1002197265625,1660.1012176181455
3,LAYTIGTTHF,2913.634765625,2913.6354797032473
4,FPVTPQVPV,2681.22509765625,2681.2228705964244
5,KSLFNTVATL,10333.94921875,10333.946133431795
6,GLVILLVLAL,29586.755859375,29586.76291957115
7,SLFGGMSWI,6002.87109375,6002.869501173825
8,RDWAHNSL,26190.44921875,26190.448077577348
9,TSAVLLLLVV,22474.505859375,22474.52375826151
10,MLVQSCTSI,2509.7275390625,2509.727526557075
11,LLDAHIPQL,20888.134765625,20888.127472281303
12,SLYNTVAAL,186.848388671875,186.84839628070458
13,AMKADIQHV,3366.480224609375,3366.4760342660784
14,RPPIFIRRLH,42058.4765625,42058.48587977232
15,GHQAAMQML,5483.35400390625,5483.349056408003
16,GLIMVLSFL,16634.6640625,16634.64930726176
17,SNVSAALAAL,10096.2578125,10096.264343629313
18,LFNWAVKTKL,36091.4609375,36091.468506534584
19,SMNATLVQA,10427.4326171875,10427.434559282397
20,SLFNAVAVL,114.2606201171875,114.26061056741746
21,LWEWASVRF,13992.1435546875,13992.151036005116
22,LFLNTLSFV,18159.54296875,18159.543096705285
23,TPGPGIRYPL,35737.7890625,35737.8207971594
24,FISGIQYLA,32028.0,32028.018430585118
25,NMIIMDEAHF,4359.890625,4359.8886356720295
26,CQTYKWETF,4195.90185546875,4195.89903602255
27,QMWKCLIRL,9576.7109375,9576.708285457897
28,CPRRPAVAF,11916.9541015625,11916.9559632019
29,SLNFLGGTTV,23222.666015625,23222.672561506526
30,SPKRLATAI,21725.962890625,21725.948288474927
31,FAFSDLCIVY,14475.1376953125,14475.141510945872
32,AVCTRGVAK,38199.44140625,38199.48986816756
33,KAKKTPMGF,7915.22509765625,7915.2316191843065
34,GLMNNAFEWI,24214.16796875,24214.180713919104
35,AIRGSVTPAV,34971.00390625,34971.022295923176
36,VTEHDTLLY,26653.1953125,26653.18765501279
37,IPITAAAWYL,20861.857421875,20861.86589622182
38,QRLHGLSAF,5617.40478515625,5617.404635655419
39,IENSSVNVSL,14405.619140625,14405.61189742187
40,RDWAHNGL,32806.1015625,32806.08702866914
41,FYGMWPLLL,17584.240234375,17584.21397648913
42,VLSDFKSWL,18763.6875,18763.681431870275
43,NEGCGWMGW,43309.1328125,43309.125371939874
44,PTIAGAGDV,34264.0703125,34264.0431127347
45,FVRSSNLKF,7675.92919921875,7675.934704204844
46,LWLTDNTHI,14506.548828125,14506.533216548281
47,LLDEQGVGPL,25423.416015625,25423.42137445529
48,SLFNTVAVL,95.6978988647461,95.69791220101222
49,VLFGLLCLL,3219.749267578125,3219.749729937886
