,peptide,torchMHC_prediction,MHCFlurry_prediction
0,RDAVILLM,25543.912109375,25543.91106447027
1,VYEAADMI,31434.0234375,31434.020139026914
2,RLLSPTTIV,18224.15234375,18224.161731196502
3,LAYTIGTTHF,11268.6474609375,11268.659857224526
4,FPVTPQVPV,26665.474609375,26665.461192989183
5,KSLFNTVATL,22847.265625,22847.270003736085
6,GLVILLVLAL,15879.115234375,15879.108998354695
7,SLFGGMSWI,18213.013671875,18213.017121989895
8,RDWAHNSL,20588.90234375,20588.908142919816
9,TSAVLLLLVV,24702.890625,24702.90546444034
10,MLVQSCTSI,22731.599609375,22731.616105371522
11,LLDAHIPQL,26218.5625,26218.55199147094
12,SLYNTVAAL,18150.419921875,18150.413542439568
13,AMKADIQHV,22200.259765625,22200.259005351356
14,RPPIFIRRLH,30419.34375,30419.31775084719
15,GHQAAMQML,21930.384765625,21930.381830374474
16,GLIMVLSFL,19208.544921875,19208.545247105132
17,SNVSAALAAL,23953.09375,23953.10459636466
18,LFNWAVKTKL,25133.83984375,25133.828693222993
19,SMNATLVQA,19855.728515625,19855.732770274746
20,SLFNAVAVL,19935.6484375,19935.648537138793
21,LWEWASVRF,18947.58984375,18947.60036216366
22,LFLNTLSFV,27687.462890625,27687.469648720955
23,TPGPGIRYPL,23123.859375,23123.86427296643
24,FISGIQYLA,27200.84375,27200.84205233621
25,NMIIMDEAHF,21757.16796875,21757.180305826536
26,CQTYKWETF,14028.125,14028.120717070793
27,QMWKCLIRL,8146.529296875,8146.526720672101
28,CPRRPAVAF,22812.669921875,22812.660823158712
29,SLNFLGGTTV,24812.443359375,24812.451056155252
30,SPKRLATAI,25212.390625,25212.39307196177
31,FAFSDLCIVY,20899.65234375,20899.648066974874
32,AVCTRGVAK,21362.326171875,21362.30050673031
33,KAKKTPMGF,14386.5908203125,14386.593191708142
34,GLMNNAFEWI,22748.017578125,22748.026140586408
35,AIRGSVTPAV,27601.306640625,27601.322149239983
36,VTEHDTLLY,25198.13671875,25198.144075369553
37,IPITAAAWYL,30286.392578125,30286.393772763015
38,QRLHGLSAF,3519.119384765625,3519.119986644683
39,IENSSVNVSL,23660.759765625,23660.767485865512
40,RDWAHNGL,17860.181640625,17860.200128837307
41,FYGMWPLLL,19565.109375,19565.096526304293
42,VLSDFKSWL,21670.671875,21670.682403308776
43,NEGCGWMGW,21949.236328125,21949.250210522725
44,PTIAGAGDV,29815.650390625,29815.67279438611
45,FVRSSNLKF,22097.095703125,22097.106771055966
46,LWLTDNTHI,19120.05078125,19120.033810894525
47,LLDEQGVGPL,20918.955078125,20918.967233007326
48,SLFNTVAVL,19634.306640625,19634.295830867446
49,VLFGLLCLL,16156.0849609375,16156.081770276245
