,peptide,torchMHC_prediction,MHCFlurry_prediction
0,RDAVILLM,14110.6025390625,14110.58683103632
1,VYEAADMI,26417.94921875,26417.928037799396
2,RLLSPTTIV,22313.498046875,22313.484900596803
3,LAYTIGTTHF,13536.0927734375,13536.084049033381
4,FPVTPQVPV,25445.708984375,25445.705694345557
5,KSLFNTVATL,22866.927734375,22866.925178903002
6,GLVILLVLAL,17880.443359375,17880.43998526161
7,SLFGGMSWI,19216.0390625,19216.028720671
8,RDWAHNSL,16550.576171875,16550.589148904764
9,TSAVLLLLVV,25973.279296875,25973.28162523188
10,MLVQSCTSI,18908.365234375,18908.3413373063
11,LLDAHIPQL,24456.45703125,24456.451001593334
12,SLYNTVAAL,16695.279296875,16695.28810814145
13,AMKADIQHV,21063.029296875,21063.022919109048
14,RPPIFIRRLH,28209.48828125,28209.48462624299
15,GHQAAMQML,16281.6806640625,16281.691596280896
16,GLIMVLSFL,18978.1875,18978.195308615872
17,SNVSAALAAL,13151.3369140625,13151.333150112105
18,LFNWAVKTKL,21334.2109375,21334.208415499066
19,SMNATLVQA,24279.330078125,24279.314482883772
20,SLFNAVAVL,21123.03515625,21123.015857426817
21,LWEWASVRF,13764.0009765625,13764.013942047945
22,LFLNTLSFV,23764.943359375,23764.97815877372
23,TPGPGIRYPL,27856.783203125,27856.79498385598
24,FISGIQYLA,22620.48828125,22620.503434853123
25,NMIIMDEAHF,15769.9140625,15769.920237147293
26,CQTYKWETF,6329.90380859375,6329.908762854926
27,QMWKCLIRL,23509.228515625,23509.21022382088
28,CPRRPAVAF,15164.0283203125,15164.022791313882
29,SLNFLGGTTV,14322.87890625,14322.886136978033
30,SPKRLATAI,15643.521484375,15643.532868177046
31,FAFSDLCIVY,17403.560546875,17403.564073649413
32,AVCTRGVAK,22793.359375,22793.357765603036
33,KAKKTPMGF,15768.666015625,15768.668482641919
34,GLMNNAFEWI,11768.7529296875,11768.740457130141
35,AIRGSVTPAV,18196.66015625,18196.670080356387
36,VTEHDTLLY,14969.6201171875,14969.61441859138
37,IPITAAAWYL,19542.787109375,19542.77887946412
38,QRLHGLSAF,14457.244140625,14457.2487462873
39,IENSSVNVSL,537.0780029296875,537.0778078901509
40,RDWAHNGL,15284.345703125,15284.3382124989
41,FYGMWPLLL,24740.306640625,24740.306009969438
42,VLSDFKSWL,18536.224609375,18536.22484993114
43,NEGCGWMGW,27.154680252075195,27.154687496096155
44,PTIAGAGDV,31121.955078125,31121.964331960033
45,FVRSSNLKF,13782.0224609375,13782.026225205364
46,LWLTDNTHI,21996.23828125,21996.235764764857
47,LLDEQGVGPL,26452.033203125,26452.021944427535
48,SLFNTVAVL,21598.23046875,21598.22631140771
49,VLFGLLCLL,22661.33984375,22661.34096343964
