,peptide,torchMHC_prediction,MHCFlurry_prediction
0,RDAVILLM,18252.224609375,18252.215270978268
1,VYEAADMI,26458.037109375,26458.04152651361
2,RLLSPTTIV,6863.80224609375,6863.806448338244
3,LAYTIGTTHF,25.2036075592041,25.203605846417155
4,FPVTPQVPV,23770.498046875,23770.49514123092
5,KSLFNTVATL,236.28907775878906,236.28911116039168
6,GLVILLVLAL,14897.03125,14897.031775413412
7,SLFGGMSWI,9710.2451171875,9710.26125861068
8,RDWAHNSL,24180.453125,24180.45633549302
9,TSAVLLLLVV,423.3937683105469,423.3935545646688
10,MLVQSCTSI,4985.79443359375,4985.799798389381
11,LLDAHIPQL,8725.109375,8725.112517115698
12,SLYNTVAAL,15217.9638671875,15217.943953089356
13,AMKADIQHV,18918.140625,18918.1551330834
14,RPPIFIRRLH,26735.93359375,26735.931568891356
15,GHQAAMQML,23293.2890625,23293.27426683014
16,GLIMVLSFL,12215.1796875,12215.182162478503
17,SNVSAALAAL,16775.22265625,16775.2240107861
18,LFNWAVKTKL,3987.981201171875,3987.9831693026467
19,SMNATLVQA,5992.17529296875,5992.1744888982485
20,SLFNAVAVL,12784.5498046875,12784.540240819717
21,LWEWASVRF,9645.7490234375,9645.744988164719
22,LFLNTLSFV,16482.6875,16482.68007452211
23,TPGPGIRYPL,14315.5185546875,14315.508717846466
24,FISGIQYLA,5378.18896484375,5378.1848773383035
25,NMIIMDEAHF,1378.920654296875,1378.9208310398271
26,CQTYKWETF,4636.3681640625,4636.367598149717
27,QMWKCLIRL,9136.7578125,9136.749282739882
28,CPRRPAVAF,18761.6484375,18761.61603141058
29,SLNFLGGTTV,9782.158203125,9782.142692433783
30,SPKRLATAI,23900.884765625,23900.879239574748
31,FAFSDLCIVY,384.71807861328125,384.7180050198266
32,AVCTRGVAK,23067.517578125,23067.515570854863
33,KAKKTPMGF,279.7998962402344,279.7998959510286
34,GLMNNAFEWI,9722.337890625,9722.335254634721
35,AIRGSVTPAV,12908.65625,12908.65521643572
36,VTEHDTLLY,1503.4100341796875,1503.4097201930465
37,IPITAAAWYL,4319.052734375,4319.053334068143
38,QRLHGLSAF,18495.947265625,18495.945550175657
39,IENSSVNVSL,12362.2333984375,12362.233837230136
40,RDWAHNGL,24572.908203125,24572.935704268657
41,FYGMWPLLL,13351.8046875,13351.79278515877
42,VLSDFKSWL,9780.3017578125,9780.306423738828
43,NEGCGWMGW,4498.576171875,4498.571902369348
44,PTIAGAGDV,15574.970703125,15574.95061687652
45,FVRSSNLKF,6507.578125,6507.583246530476
46,LWLTDNTHI,13632.5029296875,13632.511215697223
47,LLDEQGVGPL,17133.1875,17133.190161220853
48,SLFNTVAVL,10651.75,10651.757367649076
49,VLFGLLCLL,10303.158203125,10303.15088513067
