,peptide,torchMHC_prediction,MHCFlurry_prediction
0,RDAVILLM,32244.5546875,32244.535783658077
1,VYEAADMI,33575.140625,33575.11616882009
2,RLLSPTTIV,60.371707916259766,60.371726079794826
3,LAYTIGTTHF,30790.248046875,30790.24229050374
4,FPVTPQVPV,9340.94140625,9340.942858677749
5,KSLFNTVATL,40.091819763183594,40.09183145081404
6,GLVILLVLAL,1464.124755859375,1464.1254889939148
7,SLFGGMSWI,5.259163856506348,5.259165124311351
8,RDWAHNSL,31511.8828125,31511.87786798954
9,TSAVLLLLVV,8816.818359375,8816.818785877967
10,MLVQSCTSI,77.61907958984375,77.61911488257266
11,LLDAHIPQL,3.9021522998809814,3.9021524058908534
12,SLYNTVAAL,26.970592498779297,26.970594575013994
13,AMKADIQHV,113.641845703125,113.64187141969578
14,RPPIFIRRLH,33593.8125,33593.79743880598
15,GHQAAMQML,22666.830078125,22666.831829462495
16,GLIMVLSFL,102.21885681152344,102.2189054778123
17,SNVSAALAAL,9649.806640625,9649.80086401788
18,LFNWAVKTKL,16442.71484375,16442.714957411827
19,SMNATLVQA,294.28448486328125,294.2845321661759
20,SLFNAVAVL,12.253997802734375,12.253998879874398
21,LWEWASVRF,25341.380859375,25341.391333334494
22,LFLNTLSFV,661.2648315429688,661.2647356937396
23,TPGPGIRYPL,14621.05078125,14621.046614480361
24,FISGIQYLA,54.40177536010742,54.401800789524216
25,NMIIMDEAHF,12124.1904296875,12124.188135579165
26,CQTYKWETF,23938.11328125,23938.120884178727
27,QMWKCLIRL,68.51744842529297,68.5174291375974
28,CPRRPAVAF,31728.09375,31728.117525649785
29,SLNFLGGTTV,167.4875030517578,167.48754126657525
30,SPKRLATAI,21964.689453125,21964.710940807785
31,FAFSDLCIVY,6155.09619140625,6155.094906426688
32,AVCTRGVAK,26465.759765625,26465.77370848982
33,KAKKTPMGF,30722.2578125,30722.24893354383
34,GLMNNAFEWI,80.38710021972656,80.38711224680063
35,AIRGSVTPAV,404.5235290527344,404.5232457032998
36,VTEHDTLLY,25313.314453125,25313.339198417994
37,IPITAAAWYL,9252.353515625,9252.348815102445
38,QRLHGLSAF,24994.841796875,24994.846609201686
39,IENSSVNVSL,8660.2734375,8660.279055407082
40,RDWAHNGL,32404.609375,32404.616872625746
41,FYGMWPLLL,3471.05224609375,3471.0501707845
42,VLSDFKSWL,28.820030212402344,28.820022002583375
43,NEGCGWMGW,29948.13671875,29948.14586255312
44,PTIAGAGDV,22704.908203125,22704.913640626703
45,FVRSSNLKF,20652.185546875,20652.180673132178
46,LWLTDNTHI,12160.57421875,12160.572957562414
47,LLDEQGVGPL,234.37826538085938,234.37832820416168
48,SLFNTVAVL,29.78508186340332,29.7850816504989
49,VLFGLLCLL,11.541280746459961,11.541283054190584
