,peptide,torchMHC_prediction,MHCFlurry_prediction
0,RDAVILLM,21225.0703125,21225.061399746926
1,VYEAADMI,21267.03125,21267.0300053531
2,RLLSPTTIV,20421.31640625,20421.304564121147
3,LAYTIGTTHF,2147.143310546875,2147.1444189754866
4,FPVTPQVPV,21215.3359375,21215.34936078878
5,KSLFNTVATL,22444.796875,22444.811050404744
6,GLVILLVLAL,6536.41943359375,6536.421853256798
7,SLFGGMSWI,6337.97998046875,6337.977232926697
8,RDWAHNSL,34152.69140625,34152.67714423101
9,TSAVLLLLVV,12093.115234375,12093.110557693812
10,MLVQSCTSI,9693.1474609375,9693.137371133284
11,LLDAHIPQL,16418.427734375,16418.431455919665
12,SLYNTVAAL,14744.201171875,14744.19824589957
13,AMKADIQHV,19957.732421875,19957.745939579934
14,RPPIFIRRLH,21411.5625,21411.56634681205
15,GHQAAMQML,28566.193359375,28566.194293681336
16,GLIMVLSFL,7751.6708984375,7751.670616191585
17,SNVSAALAAL,29477.169921875,29477.157127885945
18,LFNWAVKTKL,12201.1162109375,12201.113838024963
19,SMNATLVQA,11225.2724609375,11225.26248161943
20,SLFNAVAVL,13498.515625,13498.521073232618
21,LWEWASVRF,1415.5545654296875,1415.5548238984843
22,LFLNTLSFV,3218.905029296875,3218.9068682089232
23,TPGPGIRYPL,21048.97265625,21048.968657678754
24,FISGIQYLA,904.7914428710938,904.791726643044
25,NMIIMDEAHF,2438.715576171875,2438.7144948366476
26,CQTYKWETF,13888.818359375,13888.805473673125
27,QMWKCLIRL,6311.04296875,6311.03833056105
28,CPRRPAVAF,18781.572265625,18781.591932139978
29,SLNFLGGTTV,12956.8564453125,12956.872593182808
30,SPKRLATAI,32732.91015625,32732.902342495643
31,FAFSDLCIVY,15.040416717529297,15.040417751678856
32,AVCTRGVAK,24456.130859375,24456.14652635965
33,KAKKTPMGF,14201.3779296875,14201.380120700236
34,GLMNNAFEWI,17806.03125,17806.01725219638
35,AIRGSVTPAV,21877.3671875,21877.371582850534
36,VTEHDTLLY,47.05516052246094,47.05516393049354
37,IPITAAAWYL,10521.5810546875,10521.574143105117
38,QRLHGLSAF,11870.9921875,11870.999006998913
39,IENSSVNVSL,31176.138671875,31176.147192323093
40,RDWAHNGL,33935.75,33935.763762276896
41,FYGMWPLLL,111.1804428100586,111.1804796330711
42,VLSDFKSWL,9540.439453125,9540.441771977725
43,NEGCGWMGW,17531.8125,17531.800876708152
44,PTIAGAGDV,18927.271484375,18927.276625210343
45,FVRSSNLKF,211.1228790283203,211.1229627172412
46,LWLTDNTHI,10312.1826171875,10312.173106053971
47,LLDEQGVGPL,26311.3671875,26311.35373230049
48,SLFNTVAVL,12088.7451171875,12088.753432245097
49,VLFGLLCLL,1828.415771484375,1828.4162627026885
