,peptide,torchMHC_prediction,MHCFlurry_prediction
0,RDAVILLM,25400.490234375,25400.4768777704
1,VYEAADMI,37398.0234375,37397.99948712659
2,RLLSPTTIV,701.0197143554688,701.0196641584499
3,LAYTIGTTHF,214.62477111816406,214.62469085770647
4,FPVTPQVPV,23711.380859375,23711.372469108654
5,KSLFNTVATL,2227.083984375,2227.0846211719213
6,GLVILLVLAL,14833.392578125,14833.388935049928
7,SLFGGMSWI,5659.216796875,5659.214200982042
8,RDWAHNSL,14011.0654296875,14011.069060794458
9,TSAVLLLLVV,19726.421875,19726.43038373783
10,MLVQSCTSI,468.72479248046875,468.72502823697556
11,LLDAHIPQL,10174.5126953125,10174.516338613505
12,SLYNTVAAL,147.3074951171875,147.30746895104267
13,AMKADIQHV,407.6334533691406,407.6334829920769
14,RPPIFIRRLH,36877.08203125,36877.035640390124
15,GHQAAMQML,18788.720703125,18788.724354161342
16,GLIMVLSFL,11775.2314453125,11775.237519196884
17,SNVSAALAAL,3266.54736328125,3266.5490373627063
18,LFNWAVKTKL,26964.931640625,26964.95547476489
19,SMNATLVQA,1878.27099609375,1878.2701353170605
20,SLFNAVAVL,290.2801513671875,290.2801516938778
21,LWEWASVRF,11068.833984375,11068.835850649048
22,LFLNTLSFV,20735.982421875,20735.971491992645
23,TPGPGIRYPL,28123.2890625,28123.30456753379
24,FISGIQYLA,18008.3125,18008.325772584463
25,NMIIMDEAHF,320.52642822265625,320.5261542321273
26,CQTYKWETF,4717.38623046875,4717.389774386969
27,QMWKCLIRL,10244.185546875,10244.19581665852
28,CPRRPAVAF,8018.60009765625,8018.595538856538
29,SLNFLGGTTV,6945.59130859375,6945.592292908619
30,SPKRLATAI,23255.3125,23255.310177846237
31,FAFSDLCIVY,741.1552124023438,741.1546838945707
32,AVCTRGVAK,21989.294921875,21989.293494372174
33,KAKKTPMGF,1752.5242919921875,1752.5249824387652
34,GLMNNAFEWI,15796.0439453125,15796.014647095168
35,AIRGSVTPAV,4636.5185546875,4636.517172410443
36,VTEHDTLLY,11176.6904296875,11176.70451114295
37,IPITAAAWYL,28974.81640625,28974.83269248487
38,QRLHGLSAF,6011.705078125,6011.701266167743
39,IENSSVNVSL,3551.824462890625,3551.823690585996
40,RDWAHNGL,26140.4921875,26140.525219501935
41,FYGMWPLLL,30087.837890625,30087.8512079005
42,VLSDFKSWL,11756.6826171875,11756.681133731781
43,NEGCGWMGW,22247.755859375,22247.74311049264
44,PTIAGAGDV,24538.224609375,24538.219607640745
45,FVRSSNLKF,599.244384765625,599.2446743960325
46,LWLTDNTHI,12919.4208984375,12919.429166107004
47,LLDEQGVGPL,16730.6328125,16730.629402842136
48,SLFNTVAVL,257.3433532714844,257.34338348503434
49,VLFGLLCLL,7006.69189453125,7006.6988145854
