,peptide,torchMHC_prediction,MHCFlurry_prediction
0,RDAVILLM,16355.0888671875,16355.08729208075
1,VYEAADMI,25631.90625,25631.903507742092
2,RLLSPTTIV,5146.55322265625,5146.556242359994
3,LAYTIGTTHF,6620.896484375,6620.89109231373
4,FPVTPQVPV,160.1495361328125,160.14957223745594
5,KSLFNTVATL,7883.54736328125,7883.546800077329
6,GLVILLVLAL,9284.7490234375,9284.748887868427
7,SLFGGMSWI,13499.3779296875,13499.381430933234
8,RDWAHNSL,10004.5419921875,10004.551343253397
9,TSAVLLLLVV,17942.2109375,17942.21164233764
10,MLVQSCTSI,9627.80859375,9627.803664436551
11,LLDAHIPQL,12183.779296875,12183.781165630166
12,SLYNTVAAL,1981.439697265625,1981.4389868498547
13,AMKADIQHV,19197.703125,19197.70194996602
14,RPPIFIRRLH,4706.99169921875,4706.996214330643
15,GHQAAMQML,14725.5263671875,14725.524659370816
16,GLIMVLSFL,14093.173828125,14093.175971756875
17,SNVSAALAAL,7579.8486328125,7579.857182947695
18,LFNWAVKTKL,14100.3662109375,14100.367343874437
19,SMNATLVQA,16887.21484375,16887.22675762104
20,SLFNAVAVL,7478.81298828125,7478.8072248164235
21,LWEWASVRF,23297.06640625,23297.0478632552
22,LFLNTLSFV,21457.904296875,21457.928926167828
23,TPGPGIRYPL,25.380401611328125,25.380412781586568
24,FISGIQYLA,21072.833984375,21072.837861090986
25,NMIIMDEAHF,23589.900390625,23589.902759130386
26,CQTYKWETF,21852.94921875,21852.957173128805
27,QMWKCLIRL,13611.69140625,13611.692034675098
28,CPRRPAVAF,8.053757667541504,8.053759729093674
29,SLNFLGGTTV,8653.9169921875,8653.915785401216
30,SPKRLATAI,9.580870628356934,9.58086973438212
31,FAFSDLCIVY,25232.283203125,25232.297716914585
32,AVCTRGVAK,14421.3583984375,14421.363803330003
33,KAKKTPMGF,6162.10888671875,6162.109585006922
34,GLMNNAFEWI,16889.82421875,16889.827458840417
35,AIRGSVTPAV,538.0084228515625,538.0084987147093
36,VTEHDTLLY,24285.837890625,24285.83713947581
37,IPITAAAWYL,531.4248657226562,531.425127555998
38,QRLHGLSAF,14762.4501953125,14762.443731361333
39,IENSSVNVSL,13700.119140625,13700.121809229526
40,RDWAHNGL,16183.1015625,16183.113538874353
41,FYGMWPLLL,19374.9921875,19374.981032811345
42,VLSDFKSWL,13801.48828125,13801.48514566849
43,NEGCGWMGW,23873.251953125,23873.252207951286
44,PTIAGAGDV,23167.2109375,23167.206688291
45,FVRSSNLKF,706.5343627929688,706.5342104449727
46,LWLTDNTHI,24958.9453125,24958.96852408682
47,LLDEQGVGPL,10250.3525390625,10250.353703789679
48,SLFNTVAVL,7419.24658203125,7419.244938418472
49,VLFGLLCLL,17540.626953125,17540.63350085046
