,peptide,torchMHC_prediction,MHCFlurry_prediction
0,RDAVILLM,23440.544921875,23440.534737339447
1,VYEAADMI,29026.921875,29026.898229776456
2,RLLSPTTIV,24636.474609375,24636.47277337536
3,LAYTIGTTHF,8301.0283203125,8301.036397069549
4,FPVTPQVPV,18313.40625,18313.394724795526
5,KSLFNTVATL,19984.416015625,19984.409150553565
6,GLVILLVLAL,14112.298828125,14112.28938864932
7,SLFGGMSWI,3061.5107421875,3061.512947778999
8,RDWAHNSL,28941.703125,28941.704637605526
9,TSAVLLLLVV,18467.09375,18467.108233894207
10,MLVQSCTSI,16863.041015625,16863.03996869223
11,LLDAHIPQL,10705.1328125,10705.132829830842
12,SLYNTVAAL,3528.07470703125,3528.0733062189984
13,AMKADIQHV,15995.8896484375,15995.898997455213
14,RPPIFIRRLH,25586.822265625,25586.837295631532
15,GHQAAMQML,15865.6884765625,15865.67592108303
16,GLIMVLSFL,7201.625,7201.632606605794
17,SNVSAALAAL,8857.119140625,8857.122521051324
18,LFNWAVKTKL,23295.732421875,23295.725922871683
19,SMNATLVQA,19835.9140625,19835.889970461307
20,SLFNAVAVL,7315.85009765625,7315.852375328989
21,LWEWASVRF,17572.94140625,17572.91679130309
22,LFLNTLSFV,17998.75,17998.75633247326
23,TPGPGIRYPL,21567.41796875,21567.4012212802
24,FISGIQYLA,9859.2939453125,9859.30230104701
25,NMIIMDEAHF,14441.810546875,14441.807411685195
26,CQTYKWETF,18911.375,18911.374544504484
27,QMWKCLIRL,21988.142578125,21988.184488760275
28,CPRRPAVAF,18770.005859375,18770.016028936647
29,SLNFLGGTTV,20821.01171875,20821.024510171163
30,SPKRLATAI,21172.123046875,21172.11648931112
31,FAFSDLCIVY,4219.8994140625,4219.89827566943
32,AVCTRGVAK,22643.9921875,22643.972690372877
33,KAKKTPMGF,21835.701171875,21835.65904207694
34,GLMNNAFEWI,15601.5361328125,15601.5343513018
35,AIRGSVTPAV,12764.7529296875,12764.748124815393
36,VTEHDTLLY,8007.27490234375,8007.273419818427
37,IPITAAAWYL,16650.21875,16650.196298987757
38,QRLHGLSAF,6838.796875,6838.796748424202
39,IENSSVNVSL,24411.53125,24411.527963840184
40,RDWAHNGL,27262.08203125,27262.109024769576
41,FYGMWPLLL,25391.990234375,25391.995577024703
42,VLSDFKSWL,19795.24609375,19795.251400279536
43,NEGCGWMGW,15263.3994140625,15263.391228562838
44,PTIAGAGDV,9980.6982421875,9980.687972607522
45,FVRSSNLKF,235.3680877685547,235.36815522141012
46,LWLTDNTHI,24503.2890625,24503.30122978361
47,LLDEQGVGPL,16188.3037109375,16188.312960300851
48,SLFNTVAVL,8613.4560546875,8613.451025982109
49,VLFGLLCLL,17516.955078125,17516.95799564577
